-- MySQL dump 10.13  Distrib 8.0.33, for macos12.6 (x86_64)
--
-- Host: localhost    Database: NJITFitness
-- ------------------------------------------------------
-- Server version	8.0.33

/*!40101 SET @OLD_CHARACTER_SET_CLIENT=@@CHARACTER_SET_CLIENT */;
/*!40101 SET @OLD_CHARACTER_SET_RESULTS=@@CHARACTER_SET_RESULTS */;
/*!40101 SET @OLD_COLLATION_CONNECTION=@@COLLATION_CONNECTION */;
/*!50503 SET NAMES utf8mb4 */;
/*!40103 SET @OLD_TIME_ZONE=@@TIME_ZONE */;
/*!40103 SET TIME_ZONE='+00:00' */;
/*!40014 SET @OLD_UNIQUE_CHECKS=@@UNIQUE_CHECKS, UNIQUE_CHECKS=0 */;
/*!40014 SET @OLD_FOREIGN_KEY_CHECKS=@@FOREIGN_KEY_CHECKS, FOREIGN_KEY_CHECKS=0 */;
/*!40101 SET @OLD_SQL_MODE=@@SQL_MODE, SQL_MODE='NO_AUTO_VALUE_ON_ZERO' */;
/*!40111 SET @OLD_SQL_NOTES=@@SQL_NOTES, SQL_NOTES=0 */;

--
-- Table structure for table `Class`
--

DROP TABLE IF EXISTS `Class`;
/*!40101 SET @saved_cs_client     = @@character_set_client */;
/*!50503 SET character_set_client = utf8mb4 */;
CREATE TABLE `Class` (
  `ID` int NOT NULL AUTO_INCREMENT,
  `Name` varchar(100) DEFAULT NULL,
  `Description` varchar(2000) DEFAULT NULL,
  PRIMARY KEY (`ID`)
) ENGINE=InnoDB AUTO_INCREMENT=57 DEFAULT CHARSET=utf8mb4 COLLATE=utf8mb4_0900_ai_ci;
/*!40101 SET character_set_client = @saved_cs_client */;

--
-- Dumping data for table `Class`
--

LOCK TABLES `Class` WRITE;
/*!40000 ALTER TABLE `Class` DISABLE KEYS */;
INSERT INTO `Class` VALUES (1,'Yoga','A practice that combines physical postures, breathing exercises, and meditation to promote relaxation and improve flexibility and strength.'),(2,'Zumba','A high-energy dance fitness program that incorporates Latin and international music, providing an enjoyable workout experience. Who said you can\'t dance and exercise!'),(3,'CrossFit','A fitness regimen that combines elements of weightlifting, gymnastics, and cardiovascular exercises to enhance overall physical fitness and performance.'),(4,'Pilates','A low-impact exercise system that focuses on developing a strong core, improving flexibility, and promoting body alignment.'),(5,'Weightlifting','A form of strength training that uses weights for resistance to build and tone muscles.'),(6,'Cardio','A cardiovascular exercise that involves continuous rhythmic movements to elevate heart rate and improve stamina.'),(7,'Gymnastics','A sport involving exercises that require strength, balance, flexibility, agility, endurance, and control.'),(8,'Swimming','A water-based activity that involves swimming strokes and techniques for physical fitness and recreation.'),(9,'Cycling','An exercise activity that involves cycling on stationary bikes, often in a group setting with music for motivation.'),(10,'Salsa','A social dance style that originated in Latin America, characterized by energetic movements and hip-swaying.'),(11,'Pole Dancing','A form of dance that combines dance and acrobatics around a vertical pole, focusing on strength and flexibility.'),(12,'Boxing','A combat sport that involves punching, kicking, and other movements for self-defense and physical fitness.'),(13,'Martial Arts','Various disciplines and combat practices for self-defense, physical fitness, and mental discipline.'),(14,'Boot Camp','A high-intensity workout program that involves various exercises to improve strength and cardiovascular fitness.'),(15,'HIIT (High-Intensity Interval Training)','A training method that alternates between short bursts of intense exercise and periods of rest or low-intensity exercise.'),(16,'Aerobics','A form of exercise that combines Pilates and boxing movements for a full-body workout.'),(17,'Piloxing (Pilates and Boxing)','A striking sport that involves kicking and punching for self-defense, fitness, and competition.'),(18,'Kickboxing','A fitness program that uses a ballet-inspired workout focusing on isometric movements and core strength.'),(19,'Barre','A suspension training exercise that uses bodyweight exercises to develop strength, balance, and flexibility.'),(20,'TRX Training','An indoor cycling class that simulates outdoor cycling, providing an intense cardiovascular workout.'),(21,'Spin/Cycle','A high-intensity step aerobics workout that uses a raised platform for cardiovascular fitness and lower body toning.'),(22,'Step Aerobics','A type of strength training that uses bodyweight exercises to build muscle and improve flexibility.'),(23,'Bodyweight Training','A type of weight training that uses kettlebells, cast-iron weights with a handle, for strength and cardiovascular conditioning.'),(24,'Kettlebell Training','A high-energy group fitness class that involves performing weightlifting movements to music for a full-body workout.'),(25,'Body Pump','A functional training approach that focuses on movements that mimic everyday activities for improved fitness and strength.'),(26,'Functional Training','A Chinese martial art that involves slow, controlled movements and deep breathing for physical and mental benefits.'),(27,'Tai Chi','A fitness group that engages in hiking activities to explore nature, improve fitness, and enjoy outdoor adventures.'),(28,'Hiking Club','A dance-based workout program that incorporates various dance styles for a fun and energetic exercise experience.'),(29,'Dance Fitness','A Zumba variation that includes toning exercises using light weights to target specific muscle groups.'),(30,'Zumba Toning','A high-intensity interval training program that involves short bursts of intense exercise and even shorter rest periods.'),(31,'Tabata Training','An aerobic workout performed in a pool, combining water resistance and movement for low-impact fitness.'),(32,'Water Aerobics','A form of exercise that involves rowing on a machine for cardiovascular fitness and full-body strength.'),(33,'Rowing','A form of exercise that focuses on building muscle and strength through resistance training.'),(36,'Powerlifting','A physical discipline that involves overcoming obstacles by running, jumping, and climbing in a creative way.'),(37,'Parkour','An exercise routine that uses a hula hoop for fitness and fun, targeting the core and improving coordination.'),(38,'Hula Hooping','A dance form that focuses on isolating and articulating movements of the torso, hips, and arms.'),(39,'Belly Dancing','A Brazilian martial art that combines elements of dance, acrobatics, and music for self-defense and culture.'),(40,'Capoeira','A combination of yoga and aerial arts, performed using a hammock or swing for support and acrobatic movements.'),(41,'Aerial Yoga','A form of rock climbing that involves climbing short and difficult routes without the use of safety ropes.'),(42,'Bouldering','A type of exercise that involves explosive movements to improve power and athletic performance.'),(43,'Plyometrics','A form of rock climbing that takes place on artificial climbing walls for recreational and competitive purposes.'),(44,'Indoor Climbing','A full-body workout that involves standing on a paddleboard and using a paddle to move across the water.'),(45,'Paddleboarding','A form of self-defense and military martial art developed in Israel, focusing on real-world situations.'),(46,'Krav Maga','A military self-defense and fighting system developed in Israel, emphasizing practical and instinctive techniques for real-world situations.');
/*!40000 ALTER TABLE `Class` ENABLE KEYS */;
UNLOCK TABLES;

--
-- Table structure for table `ClassExercises`
--

DROP TABLE IF EXISTS `ClassExercises`;
/*!40101 SET @saved_cs_client     = @@character_set_client */;
/*!50503 SET character_set_client = utf8mb4 */;
CREATE TABLE `ClassExercises` (
  `ExercisesID` int NOT NULL,
  `ClassID` int NOT NULL,
  PRIMARY KEY (`ExercisesID`,`ClassID`)
) ENGINE=InnoDB DEFAULT CHARSET=utf8mb4 COLLATE=utf8mb4_0900_ai_ci;
/*!40101 SET character_set_client = @saved_cs_client */;

--
-- Dumping data for table `ClassExercises`
--

LOCK TABLES `ClassExercises` WRITE;
/*!40000 ALTER TABLE `ClassExercises` DISABLE KEYS */;
INSERT INTO `ClassExercises` VALUES (1,1),(2,1),(3,1),(4,1),(5,1),(6,1),(7,1),(8,2),(9,2),(10,2),(11,2),(12,2),(13,2),(14,2),(15,3),(16,3),(17,3),(18,3),(19,3),(20,3),(20,43),(21,3),(21,43),(22,4),(23,4),(24,4),(25,4),(26,4),(27,4),(28,4),(29,5),(30,5),(31,5),(32,5),(33,5),(34,5),(35,5),(36,6),(37,6),(38,6),(39,6),(40,6),(41,6),(42,6),(43,7),(44,7),(45,7),(46,7),(47,7),(48,7),(49,7),(50,8),(51,8),(52,8),(53,8),(54,8),(55,8),(56,8),(57,9),(58,9),(59,9),(60,9),(61,9),(62,9),(63,9),(64,10),(65,10),(66,10),(67,10),(68,10),(69,10),(70,10),(71,11),(72,11),(73,11),(74,11),(75,11),(76,11),(77,11),(78,12),(79,12),(80,12),(81,12),(82,12),(83,12),(84,12),(85,13),(86,13),(87,13),(88,13),(89,13),(90,13),(91,13),(92,14),(93,14),(94,14),(94,43),(95,14),(96,14),(97,14),(98,14),(99,15),(100,15),(101,15),(102,15),(103,15),(104,15),(105,15),(106,16),(107,16),(108,16),(109,16),(110,16),(111,16),(112,16),(113,17),(114,17),(115,17),(116,17),(117,17),(118,17),(119,17),(120,18),(121,18),(122,18),(123,18),(124,18),(125,18),(126,18),(127,19),(128,19),(129,19),(130,19),(131,19),(132,19),(133,19),(134,20),(135,20),(136,20),(137,20),(138,20),(139,20),(140,20),(141,21),(142,21),(143,21),(144,21),(145,21),(146,21),(147,21),(148,22),(149,22),(150,22),(151,22),(152,22),(153,22),(154,22),(155,23),(156,23),(157,23),(158,23),(159,23),(160,23),(161,23),(162,24),(163,24),(164,24),(165,24),(166,24),(167,24),(168,24),(169,25),(170,25),(171,25),(172,25),(173,25),(174,25),(175,25),(176,26),(177,26),(178,26),(179,26),(180,26),(181,26),(182,26),(183,27),(184,27),(185,27),(186,27),(187,27),(188,27),(189,27),(190,28),(191,28),(192,28),(193,28),(194,28),(195,28),(196,28),(197,29),(198,29),(199,29),(200,29),(201,29),(202,29),(203,29),(204,30),(205,30),(206,30),(207,30),(208,30),(209,30),(210,30),(211,31),(212,31),(213,31),(214,31),(215,31),(216,31),(217,31),(218,32),(219,32),(220,32),(221,32),(222,32),(223,32),(224,32),(225,33),(226,33),(227,33),(228,33),(229,33),(230,33),(231,33),(232,34),(233,34),(234,34),(235,34),(236,34),(237,34),(238,34),(239,35),(240,35),(241,35),(242,35),(243,35),(244,35),(245,35),(246,36),(247,36),(248,36),(249,36),(250,36),(251,36),(252,36),(253,37),(254,37),(255,37),(256,37),(257,37),(258,37),(259,37),(260,38),(261,38),(262,38),(262,42),(263,38),(263,42),(264,38),(264,42),(265,38),(265,42),(266,38),(266,43),(267,39),(267,43),(268,39),(268,43),(269,39),(269,43),(270,39),(270,44),(271,39),(271,44),(272,39),(272,44),(273,39),(273,44),(274,40),(274,44),(275,40),(275,44),(276,40),(276,44),(277,40),(277,45),(278,40),(278,45),(279,40),(279,45),(280,40),(280,45),(281,41),(281,45),(282,41),(282,45),(283,41),(283,45),(284,41),(284,46),(285,41),(285,46),(286,41),(286,46),(287,41),(287,46),(288,42),(288,46),(289,42),(289,46),(290,42),(290,46);
/*!40000 ALTER TABLE `ClassExercises` ENABLE KEYS */;
UNLOCK TABLES;

--
-- Table structure for table `Contractor`
--

DROP TABLE IF EXISTS `Contractor`;
/*!40101 SET @saved_cs_client     = @@character_set_client */;
/*!50503 SET character_set_client = utf8mb4 */;
CREATE TABLE `Contractor` (
  `ID` int NOT NULL AUTO_INCREMENT,
  `InstructorID` int DEFAULT NULL,
  `Hours` int DEFAULT NULL,
  `Rate` decimal(10,2) DEFAULT NULL,
  PRIMARY KEY (`ID`)
) ENGINE=InnoDB AUTO_INCREMENT=32 DEFAULT CHARSET=utf8mb4 COLLATE=utf8mb4_0900_ai_ci;
/*!40101 SET character_set_client = @saved_cs_client */;

--
-- Dumping data for table `Contractor`
--

LOCK TABLES `Contractor` WRITE;
/*!40000 ALTER TABLE `Contractor` DISABLE KEYS */;
INSERT INTO `Contractor` VALUES (1,7,20,35.00),(2,8,15,40.00),(3,11,12,45.00),(4,12,10,50.00),(5,14,8,55.00),(6,17,18,40.00),(7,19,15,45.00),(8,21,20,35.00),(9,22,12,50.00),(10,26,15,40.00),(11,27,10,55.00);
/*!40000 ALTER TABLE `Contractor` ENABLE KEYS */;
UNLOCK TABLES;

--
-- Table structure for table `Exercises`
--

DROP TABLE IF EXISTS `Exercises`;
/*!40101 SET @saved_cs_client     = @@character_set_client */;
/*!50503 SET character_set_client = utf8mb4 */;
CREATE TABLE `Exercises` (
  `ID` int NOT NULL AUTO_INCREMENT,
  `Name` varchar(256) DEFAULT NULL,
  PRIMARY KEY (`ID`)
) ENGINE=InnoDB AUTO_INCREMENT=513 DEFAULT CHARSET=utf8mb4 COLLATE=utf8mb4_0900_ai_ci;
/*!40101 SET character_set_client = @saved_cs_client */;

--
-- Dumping data for table `Exercises`
--

LOCK TABLES `Exercises` WRITE;
/*!40000 ALTER TABLE `Exercises` DISABLE KEYS */;
INSERT INTO `Exercises` VALUES (1,'Fist Pumps'),(2,'Warrior Pose'),(3,'Downward Facing Dog'),(4,'Child\'s Pose'),(5,'Tree Pose'),(6,'Cobra Pose'),(7,'Lotus Pose'),(8,'Reggaeton Dance'),(9,'Merengue Dance'),(10,'Salsa Dance'),(11,'Bachata Dance'),(12,'Cumbia Dance'),(13,'Samba Dance'),(14,'Hip Hop Dance'),(15,'Deadlift'),(16,'Clean and Jerk'),(17,'Thruster'),(18,'Kipping Pull-Up'),(19,'Wall Balls'),(20,'Box Jumps'),(21,'Burpees'),(22,'The Hundred'),(23,'Roll Up'),(24,'Single Leg Stretch'),(25,'Swan Dive'),(26,'Side Plank'),(27,'Teaser'),(28,'Scissor'),(29,'Bench Press'),(30,'Squat'),(31,'Barbell Row'),(32,'Overhead Press'),(33,'Snatch'),(34,'Running'),(35,'Jump Rope'),(36,'Cycling'),(37,'Elliptical'),(38,'Rowing Machine'),(39,'Stair Climber'),(40,'High Knees'),(41,'Handstand'),(42,'Cartwheel'),(43,'Back Handspring'),(44,'Muscle-Up'),(45,'Front Lever'),(46,'Ring Dip'),(47,'Pommel Horse Routine'),(48,'Freestyle Stroke'),(49,'Backstroke'),(50,'Breaststroke'),(51,'Butterfly Stroke'),(52,'Treading Water'),(53,'Flip Turn Practice'),(54,'Swim Sprints'),(55,'Indoor Cycling'),(56,'Sprints'),(57,'Hill Climbs'),(58,'Interval Training'),(59,'Endurance Rides'),(60,'Time Trials'),(61,'Recovery Rides'),(62,'Basic Salsa Steps'),(63,'Cross Body Lead'),(64,'Cuban Turn'),(65,'Shoulder Slide'),(66,'Ladies\' Styling'),(67,'Salsa Shines'),(68,'Dips and Lifts'),(69,'Fireman Spin'),(70,'Chopper Spin'),(71,'Climb and Sit'),(72,'Chair Spin'),(73,'Butterfly Spin'),(74,'Superman Pose'),(75,'Allegra Spin'),(76,'Jab'),(77,'Cross'),(78,'Hook'),(79,'Uppercut'),(80,'Footwork Drills'),(81,'Heavy Bag Work'),(82,'Speed Bag Training'),(83,'Kicks and Punches'),(84,'Forms/Katas'),(85,'Sparring'),(86,'Self-Defense Techniques'),(87,'Meditation and Breathing'),(88,'Weapon Training'),(89,'Rolling and Breakfalls'),(90,'Tire Flips'),(91,'Battle Ropes'),(92,'Sledgehammer Strikes'),(93,'Circuit Training'),(94,'Medicine Ball Slams'),(95,'Burpee Variations'),(96,'Sprint Intervals'),(97,'Jump Squats'),(98,'Mountain Climbers'),(99,'Bicycle Crunches'),(100,'Kettlebell Swings'),(101,'Plyometric Push-Ups'),(102,'Low Impact Aerobics'),(103,'Step Aerobics'),(104,'Dance Aerobics'),(105,'Cardio Kickboxing'),(106,'Aqua Aerobics'),(107,'Cardio Dance'),(108,'Zumba Toning'),(109,'Jab and Cross Punches'),(110,'Pilates Stance'),(111,'Plank Punches'),(112,'Side Lunges'),(113,'Pilates Scissor Kicks'),(114,'Boxing Shuffle'),(115,'Upper Cuts'),(116,'Roundhouse Kick'),(117,'Front Kick'),(118,'Side Kick'),(119,'Knee Strikes'),(120,'Elbow Strikes'),(121,'Focus Mitt Drills'),(122,'Plié Squats'),(123,'Lunges'),(124,'Leg Lifts'),(125,'Bicep Curls'),(126,'Tricep Dips'),(127,'Pilates Ring Work'),(128,'Back Dancing'),(129,'TRX Rows'),(130,'TRX Chest Press'),(131,'TRX Lunges'),(132,'TRX Plank'),(133,'TRX Pike'),(134,'TRX Hamstring Curl'),(135,'TRX Atomic Push-Up'),(136,'Jumps'),(137,'Seated Climb'),(138,'Standing Climb'),(139,'Basic Step'),(140,'Corner-to-Corner Step'),(141,'Step-Knee Lift'),(142,'Step-Kick'),(143,'Step-Hamstring Curl'),(144,'Step-Tap'),(145,'Step-Over'),(146,'Push-Ups'),(147,'Pull-Ups'),(148,'Dips'),(149,'Squats'),(150,'Planks'),(151,'Kettlebell Swing'),(152,'Kettlebell Goblet Squat'),(153,'Kettlebell Clean and Press'),(154,'Kettlebell Snatch'),(155,'Kettlebell Turkish Get-Up'),(156,'Kettlebell Figure 8'),(157,'Kettlebell Halo'),(158,'Chest Press'),(159,'Deadlifts'),(160,'Clean and Press'),(161,'Battling Ropes'),(162,'Sled Push'),(163,'Sandbag Carries'),(164,'Farmers Walk'),(165,'Tai Chi Warm-Up Exercises'),(166,'Tai Chi Walking'),(167,'Grasping Sparrow\'s Tail'),(168,'Waving Hands Like Clouds'),(169,'Single Whip'),(170,'Brush Knee and Push'),(171,'White Crane Spreads Its Wings'),(172,'Hiking in the Mountains'),(173,'Trail Running'),(174,'Hiking with Backpacks'),(175,'Scrambling Over Rocks'),(176,'Climbing Steep Hills'),(177,'Hiking Poles Workout'),(178,'River Crossing'),(179,'Bollywood Dance'),(180,'African Dance'),(181,'Latin Dance'),(182,'Belly Dance'),(183,'Jazzercise'),(184,'Line Dancing'),(185,'Zumba with Hand Weights'),(186,'Toning Sticks Workout'),(187,'Abs and Core Toning'),(188,'Toning with Resistance Bands'),(189,'Sculpt and Tone'),(190,'Cardio and Arms Workout'),(191,'Leg Toning Routine'),(192,'Tabata Sprints'),(193,'Tabata Push-Ups'),(194,'Tabata Burpees'),(195,'Tabata Jump Squats'),(196,'Tabata Mountain Climbers'),(197,'Tabata Sit-Ups'),(198,'Tabata Plank'),(199,'Water Jogging'),(200,'Aqua Zumba'),(201,'Water Kickboxing'),(202,'Water Treading'),(203,'Pool Noodle Workout'),(204,'Aqua Jumping Jacks'),(205,'Water Ballet'),(206,'Rowing Machine Intervals'),(207,'Rowing with Resistance Bands'),(208,'Seated Rowing'),(209,'Single-Arm Row'),(210,'Plank to Row'),(211,'Rowing Circuit Workout'),(212,'Rowing Sprints'),(213,'Barbell Bench Press'),(214,'Dumbbell Shoulder Press'),(215,'Barbell Squat'),(216,'Dumbbell Lunges'),(217,'Barbell Deadlift'),(218,'Dumbbell Rows'),(219,'Plank to Tuck Jump'),(220,'Sumo Deadlift'),(221,'Snatch Grip Deadlift'),(222,'Pause Squats'),(223,'Board Press'),(224,'Precision Jumps'),(225,'Cat Leap'),(226,'Kong Vault'),(227,'Lazy Vault'),(228,'Wall Run'),(229,'Safety Roll'),(230,'Speed Vault'),(231,'Waist Hooping'),(232,'Isolation Hooping'),(233,'Hula Hoop Dance'),(234,'Hand Hooping'),(235,'Knee Hooping'),(236,'Shoulder Hooping'),(237,'Hula Hoop Tricks'),(238,'Hip Lifts and Drops'),(239,'Snake Arms'),(240,'Shimmy'),(241,'Figure 8'),(242,'Chest Circles'),(243,'Hip Circles'),(244,'Belly Roll'),(245,'Ginga'),(246,'Meia Lua de Frente'),(247,'Armada'),(248,'Au'),(249,'Martelo'),(250,'Bananeira'),(251,'Macaco'),(252,'Aerial Hammock Poses'),(253,'Aerial Silks Climbs'),(254,'Inverted Poses'),(255,'Backbends in the Hammock'),(256,'Straddle Inversions'),(257,'Aerial Yoga Flips'),(258,'Flying Savasana'),(259,'Boulder Problems'),(260,'Dynos'),(261,'Heel Hooks'),(262,'Crimps'),(263,'Slopers'),(264,'Pinches'),(265,'Gaston Moves'),(266,'Depth Jumps'),(267,'Jump Lunges'),(268,'Tuck Jumps'),(269,'Clap Push-Ups'),(270,'Bouldering'),(271,'Top-Roping'),(272,'Lead Climbing'),(273,'Climbing Ladders'),(274,'Climbing Holds Drills'),(275,'Climbing Routes'),(276,'Crack Climbing'),(277,'Paddleboarding Basics'),(278,'Paddle Strokes Practice'),(279,'Paddleboard Yoga'),(280,'Paddle Sprints'),(281,'Balance Drills'),(282,'Paddleboard Races'),(283,'Paddleboard HIIT'),(284,'Straight Punch'),(285,'Groin Kick'),(286,'Knee Strike'),(287,'Defense Against Chokes'),(288,'Elbow Strike'),(289,'Defense Against Knife Attacks'),(290,'Ground Survival Techniques');
/*!40000 ALTER TABLE `Exercises` ENABLE KEYS */;
UNLOCK TABLES;

--
-- Table structure for table `Instructors`
--

DROP TABLE IF EXISTS `Instructors`;
/*!40101 SET @saved_cs_client     = @@character_set_client */;
/*!50503 SET character_set_client = utf8mb4 */;
CREATE TABLE `Instructors` (
  `ID` int NOT NULL AUTO_INCREMENT,
  `Type` enum('Internal','External') DEFAULT NULL,
  `FirstName` varchar(256) DEFAULT NULL,
  `LastName` varchar(256) DEFAULT NULL,
  PRIMARY KEY (`ID`)
) ENGINE=InnoDB AUTO_INCREMENT=40 DEFAULT CHARSET=utf8mb4 COLLATE=utf8mb4_0900_ai_ci;
/*!40101 SET character_set_client = @saved_cs_client */;

--
-- Dumping data for table `Instructors`
--

LOCK TABLES `Instructors` WRITE;
/*!40000 ALTER TABLE `Instructors` DISABLE KEYS */;
INSERT INTO `Instructors` VALUES (1,'Internal','John','Smith'),(2,'Internal','Emily','Johnson'),(3,'Internal','Michael','Williams'),(4,'Internal','Jessica','Brown'),(5,'Internal','Robert','Jones'),(6,'Internal','Jennifer','Davis'),(7,'External','Christopher','Miller'),(8,'External','Lisa','Wilson'),(9,'Internal','Mark','Taylor'),(10,'Internal','Sarah','Anderson'),(11,'External','David','Lee'),(12,'External','Laura','Martinez'),(13,'Internal','Andrew','Wilson'),(14,'External','Stephanie','White'),(15,'Internal','Kevin','Clark'),(16,'Internal','Michelle','Adams'),(17,'External','Jason','Wright'),(18,'Internal','Amy','Turner'),(19,'External','Brian','Hall'),(20,'Internal','Natalie','Moore'),(21,'External','Eric','Davis'),(22,'External','Rachel','Scott'),(23,'Internal','Thomas','Allen'),(24,'Internal','Samantha','Cook'),(25,'Internal','Peter','Young'),(26,'External','Catherine','Harris'),(27,'External','William','Martin');
/*!40000 ALTER TABLE `Instructors` ENABLE KEYS */;
UNLOCK TABLES;

--
-- Table structure for table `Members`
--

DROP TABLE IF EXISTS `Members`;
/*!40101 SET @saved_cs_client     = @@character_set_client */;
/*!50503 SET character_set_client = utf8mb4 */;
CREATE TABLE `Members` (
  `ID` int NOT NULL AUTO_INCREMENT,
  `Type` enum('Student','VIP','Senior','Ordinary','Family') DEFAULT NULL,
  `FirstName` varchar(256) DEFAULT NULL,
  `LastName` varchar(256) DEFAULT NULL,
  `Address` varchar(256) DEFAULT NULL,
  `City` varchar(256) DEFAULT NULL,
  `State` varchar(256) DEFAULT NULL,
  `Zipcode` varchar(10) DEFAULT NULL,
  `Country` varchar(256) DEFAULT NULL,
  `RegistrationDate` date DEFAULT NULL,
  PRIMARY KEY (`ID`)
) ENGINE=InnoDB AUTO_INCREMENT=39 DEFAULT CHARSET=utf8mb4 COLLATE=utf8mb4_0900_ai_ci;
/*!40101 SET character_set_client = @saved_cs_client */;

--
-- Dumping data for table `Members`
--

LOCK TABLES `Members` WRITE;
/*!40000 ALTER TABLE `Members` DISABLE KEYS */;
INSERT INTO `Members` VALUES (1,'VIP','Nabil','Belfki','3701 Riddle Court','Bridgewater','New Jersey','08807','United States','2023-05-22'),(2,'VIP','James','Brown','456 Elm St','Hoboken','New Jersey','07030','United States','2023-05-22'),(3,'Senior','Jose','Cardona','789 Oak St','Newark','New Jersey','07102','United States','2023-05-22'),(4,'Ordinary','Pradeep Kumar','Chennuru','423 Pirch Ct','Pluckemin','New Jersey','08805','United States','2023-05-22'),(5,'Family','Kevin','Crystal','654 Birch Rd','Jersey City','New Jersey','07304','United States','2023-05-22'),(6,'Student','Jason','Dhillon','987 Pine Ln','Hoboken','New Jersey','07030','United States','2023-05-22'),(7,'VIP','Ibrahim','Elhari','876 Cedar St','Newark','New Jersey','07102','United States','2023-05-22'),(8,'Senior','Mary','Falcigno','543 Oak Ave','Edison','New Jersey','08817','United States','2023-05-22'),(9,'Ordinary','Krishna Anjani','Gonella','876 Maple Rd','Jersey City','New Jersey','07304','United States','2023-05-22'),(10,'Family','Navya Martin','Kollapally','234 Pine Ln','Hoboken','New Jersey','07030','United States','2023-05-22'),(11,'Student','Andro','Meikhaeil','123 Cedar St','Newark','New Jersey','07102','United States','2023-05-22'),(12,'VIP','Michelle','Nana','654 Oak Ave','Edison','New Jersey','08817','United States','2023-05-22'),(13,'Senior','Cheuk Kay','Ng','789 Maple Rd','Jersey City','New Jersey','07304','United States','2023-05-22'),(14,'VIP','Vincent','Oria','987 Pine Ln','Hoboken','New Jersey','07030','United States','2023-05-22'),(15,'Family','Anindita','Palit','876 Cedar St','Newark','New Jersey','07102','United States','2023-05-22'),(16,'Student','Paresh','Rahate','543 Oak Ave','Edison','New Jersey','08817','United States','2023-05-22'),(17,'VIP','Sandhya','Rani','876 Maple Rd','Jersey City','New Jersey','07304','United States','2023-05-22'),(18,'Senior','Megan','Rottkamp','234 Pine Ln','Hoboken','New Jersey','07030','United States','2023-05-22'),(19,'Ordinary','Rafiou','Sanogo','123 Cedar St','Newark','New Jersey','07102','United States','2023-05-22'),(20,'Family','Rinkal','Shah','654 Oak Ave','Edison','New Jersey','08817','United States','2023-05-22'),(21,'Student','Ishita','Sharma','789 Maple Rd','Jersey City','New Jersey','07304','United States','2023-05-22'),(22,'VIP','Bradley','Whitman','987 Pine Ln','Hoboken','New Jersey','07030','United States','2023-05-22'),(23,'Senior','Tobias','Wolpert','876 Cedar St','Newark','New Jersey','07102','United States','2023-05-22'),(24,'Ordinary','Na','Xu','543 Oak Ave','Edison','New Jersey','08817','United States','2023-05-22'),(25,'Family','Charles','Yoo','789 Maple Rd','Jersey City','New Jersey','07304','United States','2023-05-22');
/*!40000 ALTER TABLE `Members` ENABLE KEYS */;
UNLOCK TABLES;

--
-- Table structure for table `Memberships`
--

DROP TABLE IF EXISTS `Memberships`;
/*!40101 SET @saved_cs_client     = @@character_set_client */;
/*!50503 SET character_set_client = utf8mb4 */;
CREATE TABLE `Memberships` (
  `Type` enum('Student','VIP','Senior','Ordinary','Family') NOT NULL,
  `Fee` decimal(10,2) DEFAULT NULL,
  PRIMARY KEY (`Type`)
) ENGINE=InnoDB DEFAULT CHARSET=utf8mb4 COLLATE=utf8mb4_0900_ai_ci;
/*!40101 SET character_set_client = @saved_cs_client */;

--
-- Dumping data for table `Memberships`
--

LOCK TABLES `Memberships` WRITE;
/*!40000 ALTER TABLE `Memberships` DISABLE KEYS */;
INSERT INTO `Memberships` VALUES ('Student',39.99),('VIP',79.99),('Senior',29.99),('Ordinary',49.99),('Family',99.99);
/*!40000 ALTER TABLE `Memberships` ENABLE KEYS */;
UNLOCK TABLES;

--
-- Table structure for table `Registration`
--

DROP TABLE IF EXISTS `Registration`;
/*!40101 SET @saved_cs_client     = @@character_set_client */;
/*!50503 SET character_set_client = utf8mb4 */;
CREATE TABLE `Registration` (
  `ID` int NOT NULL AUTO_INCREMENT,
  `MemberID` int DEFAULT NULL,
  `ScheduleID` int DEFAULT NULL,
  `Registered` datetime DEFAULT NULL,
  PRIMARY KEY (`ID`)
) ENGINE=InnoDB AUTO_INCREMENT=2056 DEFAULT CHARSET=utf8mb4 COLLATE=utf8mb4_0900_ai_ci;
/*!40101 SET character_set_client = @saved_cs_client */;

--
-- Dumping data for table `Registration`
--

LOCK TABLES `Registration` WRITE;
/*!40000 ALTER TABLE `Registration` DISABLE KEYS */;
INSERT INTO `Registration` VALUES (1,22,2,'2023-08-20 00:00:00'),(2,23,31,'2023-08-23 00:00:00'),(3,11,45,'2023-08-22 00:00:00'),(4,11,1,'2023-08-27 00:00:00'),(6,15,20,'2023-08-12 00:00:00'),(7,12,9,'2023-08-19 00:00:00'),(8,9,42,'2023-08-18 00:00:00'),(9,25,11,'2023-08-10 00:00:00'),(10,16,18,'2023-08-02 00:00:00'),(11,24,32,'2023-08-19 00:00:00'),(12,18,44,'2023-08-18 00:00:00'),(13,21,24,'2023-08-03 00:00:00'),(14,21,39,'2023-08-24 00:00:00'),(15,5,35,'2023-08-07 00:00:00'),(16,17,32,'2023-08-17 00:00:00'),(17,12,36,'2023-08-17 00:00:00'),(18,5,16,'2023-08-07 00:00:00'),(19,23,43,'2023-09-01 00:00:00'),(20,3,28,'2023-08-21 00:00:00'),(21,11,12,'2023-09-01 00:00:00'),(22,4,31,'2023-09-01 00:00:00'),(23,24,32,'2023-08-21 00:00:00'),(24,2,17,'2023-08-22 00:00:00'),(25,7,14,'2023-08-23 00:00:00'),(26,16,2,'2023-08-11 00:00:00'),(27,12,13,'2023-08-03 00:00:00'),(28,12,5,'2023-08-06 00:00:00'),(29,12,41,'2023-08-02 00:00:00'),(31,4,7,'2023-08-11 00:00:00'),(32,3,26,'2023-08-18 00:00:00'),(33,23,43,'2023-08-31 00:00:00'),(34,24,38,'2023-08-10 00:00:00'),(35,1,7,'2023-08-23 00:00:00'),(36,3,18,'2023-08-19 00:00:00'),(37,20,7,'2023-08-14 00:00:00'),(38,15,35,'2023-08-30 00:00:00'),(39,11,16,'2023-08-15 00:00:00'),(40,5,27,'2023-08-13 00:00:00'),(41,2,9,'2023-08-26 00:00:00'),(42,10,28,'2023-08-27 00:00:00'),(43,8,45,'2023-08-02 00:00:00'),(44,6,44,'2023-08-05 00:00:00'),(45,20,27,'2023-08-18 00:00:00'),(47,6,13,'2023-08-24 00:00:00'),(48,20,37,'2023-08-20 00:00:00'),(49,15,6,'2023-08-27 00:00:00'),(50,21,30,'2023-08-24 00:00:00'),(51,19,20,'2023-08-31 00:00:00'),(52,1,1,'2023-05-22 00:00:00'),(53,2,1,'2023-05-22 00:00:00'),(54,3,1,'2023-05-22 00:00:00'),(55,4,1,'2023-05-22 00:00:00'),(56,5,1,'2023-05-22 00:00:00'),(57,6,1,'2023-05-22 00:00:00'),(58,7,1,'2023-05-22 00:00:00'),(59,8,1,'2023-05-22 00:00:00'),(60,9,1,'2023-05-22 00:00:00'),(61,10,1,'2023-05-22 00:00:00'),(62,11,1,'2023-05-22 00:00:00'),(63,12,1,'2023-05-22 00:00:00'),(64,13,1,'2023-05-22 00:00:00'),(65,14,1,'2023-05-22 00:00:00'),(66,15,1,'2023-05-22 00:00:00'),(67,1,2,'2023-05-22 00:00:00'),(68,2,2,'2023-05-22 00:00:00'),(69,3,2,'2023-05-22 00:00:00'),(70,4,2,'2023-05-22 00:00:00'),(71,5,2,'2023-05-22 00:00:00'),(72,6,2,'2023-05-22 00:00:00'),(73,7,2,'2023-05-22 00:00:00'),(74,8,2,'2023-05-22 00:00:00'),(75,9,2,'2023-05-22 00:00:00'),(76,10,2,'2023-05-22 00:00:00'),(77,11,2,'2023-05-22 00:00:00'),(78,12,2,'2023-05-22 00:00:00'),(79,13,2,'2023-05-22 00:00:00'),(80,14,2,'2023-05-22 00:00:00'),(81,15,2,'2023-05-22 00:00:00'),(82,1,3,'2023-05-22 00:00:00'),(83,2,3,'2023-05-22 00:00:00'),(84,3,3,'2023-05-22 00:00:00'),(85,4,3,'2023-05-22 00:00:00'),(86,5,3,'2023-05-22 00:00:00'),(87,6,3,'2023-05-22 00:00:00'),(88,7,3,'2023-05-22 00:00:00'),(89,8,3,'2023-05-22 00:00:00'),(90,9,3,'2023-05-22 00:00:00'),(91,10,3,'2023-05-22 00:00:00'),(92,11,3,'2023-05-22 00:00:00'),(93,12,3,'2023-05-22 00:00:00'),(94,13,3,'2023-05-22 00:00:00'),(95,14,3,'2023-05-22 00:00:00'),(96,15,3,'2023-05-22 00:00:00'),(97,1,4,'2023-05-22 00:00:00'),(98,2,4,'2023-05-22 00:00:00'),(99,3,4,'2023-05-22 00:00:00'),(100,4,4,'2023-05-22 00:00:00'),(101,5,4,'2023-05-22 00:00:00'),(102,6,4,'2023-05-22 00:00:00'),(103,7,4,'2023-05-22 00:00:00'),(104,8,4,'2023-05-22 00:00:00'),(105,9,4,'2023-05-22 00:00:00'),(106,10,4,'2023-05-22 00:00:00'),(107,11,4,'2023-05-22 00:00:00'),(108,12,4,'2023-05-22 00:00:00'),(109,13,4,'2023-05-22 00:00:00'),(110,14,4,'2023-05-22 00:00:00'),(111,15,4,'2023-05-22 00:00:00'),(112,1,5,'2023-05-22 00:00:00'),(113,2,5,'2023-05-22 00:00:00'),(114,3,5,'2023-05-22 00:00:00'),(115,4,5,'2023-05-22 00:00:00'),(116,5,5,'2023-05-22 00:00:00'),(117,6,5,'2023-05-22 00:00:00'),(118,7,5,'2023-05-22 00:00:00'),(119,8,5,'2023-05-22 00:00:00'),(120,9,5,'2023-05-22 00:00:00'),(121,10,5,'2023-05-22 00:00:00'),(122,11,5,'2023-05-22 00:00:00'),(123,12,5,'2023-05-22 00:00:00'),(124,13,5,'2023-05-22 00:00:00'),(125,14,5,'2023-05-22 00:00:00'),(126,15,5,'2023-05-22 00:00:00'),(127,1,6,'2023-05-22 00:00:00'),(128,2,6,'2023-05-22 00:00:00'),(129,3,6,'2023-05-22 00:00:00'),(130,4,6,'2023-05-22 00:00:00'),(131,5,6,'2023-05-22 00:00:00'),(132,6,6,'2023-05-22 00:00:00'),(133,7,6,'2023-05-22 00:00:00'),(134,8,6,'2023-05-22 00:00:00'),(135,9,6,'2023-05-22 00:00:00'),(136,10,6,'2023-05-22 00:00:00'),(137,11,6,'2023-05-22 00:00:00'),(138,12,6,'2023-05-22 00:00:00'),(139,13,6,'2023-05-22 00:00:00'),(140,14,6,'2023-05-22 00:00:00'),(141,15,6,'2023-05-22 00:00:00'),(142,1,7,'2023-05-22 00:00:00'),(143,2,7,'2023-05-22 00:00:00'),(144,3,7,'2023-05-22 00:00:00'),(145,4,7,'2023-05-22 00:00:00'),(146,5,7,'2023-05-22 00:00:00'),(147,6,7,'2023-05-22 00:00:00'),(148,7,7,'2023-05-22 00:00:00'),(149,8,7,'2023-05-22 00:00:00'),(150,9,7,'2023-05-22 00:00:00'),(151,10,7,'2023-05-22 00:00:00'),(152,11,7,'2023-05-22 00:00:00'),(153,12,7,'2023-05-22 00:00:00'),(154,13,7,'2023-05-22 00:00:00'),(155,14,7,'2023-05-22 00:00:00'),(156,15,7,'2023-05-22 00:00:00'),(160,4,8,'2023-05-22 00:00:00'),(170,14,8,'2023-05-22 00:00:00'),(172,1,9,'2023-05-22 00:00:00'),(173,2,9,'2023-05-22 00:00:00'),(174,3,9,'2023-05-22 00:00:00'),(175,4,9,'2023-05-22 00:00:00'),(176,5,9,'2023-05-22 00:00:00'),(177,6,9,'2023-05-22 00:00:00'),(178,7,9,'2023-05-22 00:00:00'),(179,8,9,'2023-05-22 00:00:00'),(180,9,9,'2023-05-22 00:00:00'),(181,10,9,'2023-05-22 00:00:00'),(182,11,9,'2023-05-22 00:00:00'),(183,12,9,'2023-05-22 00:00:00'),(184,13,9,'2023-05-22 00:00:00'),(185,14,9,'2023-05-22 00:00:00'),(186,15,9,'2023-05-22 00:00:00'),(187,1,10,'2023-05-22 00:00:00'),(188,2,10,'2023-05-22 00:00:00'),(189,3,10,'2023-05-22 00:00:00'),(190,4,10,'2023-05-22 00:00:00'),(191,5,10,'2023-05-22 00:00:00'),(192,6,10,'2023-05-22 00:00:00'),(193,7,10,'2023-05-22 00:00:00'),(194,8,10,'2023-05-22 00:00:00'),(195,9,10,'2023-05-22 00:00:00'),(196,10,10,'2023-05-22 00:00:00'),(197,11,10,'2023-05-22 00:00:00'),(198,12,10,'2023-05-22 00:00:00'),(199,13,10,'2023-05-22 00:00:00'),(200,14,10,'2023-05-22 00:00:00'),(201,15,10,'2023-05-22 00:00:00'),(202,1,11,'2023-05-22 00:00:00'),(203,2,11,'2023-05-22 00:00:00'),(204,3,11,'2023-05-22 00:00:00'),(205,4,11,'2023-05-22 00:00:00'),(206,5,11,'2023-05-22 00:00:00'),(207,6,11,'2023-05-22 00:00:00'),(208,7,11,'2023-05-22 00:00:00'),(209,8,11,'2023-05-22 00:00:00'),(210,9,11,'2023-05-22 00:00:00'),(211,10,11,'2023-05-22 00:00:00'),(212,11,11,'2023-05-22 00:00:00'),(213,12,11,'2023-05-22 00:00:00'),(214,13,11,'2023-05-22 00:00:00'),(215,14,11,'2023-05-22 00:00:00'),(216,15,11,'2023-05-22 00:00:00'),(217,1,12,'2023-05-22 00:00:00'),(218,2,12,'2023-05-22 00:00:00'),(219,3,12,'2023-05-22 00:00:00'),(220,4,12,'2023-05-22 00:00:00'),(221,5,12,'2023-05-22 00:00:00'),(222,6,12,'2023-05-22 00:00:00'),(223,7,12,'2023-05-22 00:00:00'),(224,8,12,'2023-05-22 00:00:00'),(225,9,12,'2023-05-22 00:00:00'),(226,10,12,'2023-05-22 00:00:00'),(227,11,12,'2023-05-22 00:00:00'),(228,12,12,'2023-05-22 00:00:00'),(229,13,12,'2023-05-22 00:00:00'),(230,14,12,'2023-05-22 00:00:00'),(231,15,12,'2023-05-22 00:00:00'),(232,1,13,'2023-05-22 00:00:00'),(233,2,13,'2023-05-22 00:00:00'),(234,3,13,'2023-05-22 00:00:00'),(235,4,13,'2023-05-22 00:00:00'),(236,5,13,'2023-05-22 00:00:00'),(237,6,13,'2023-05-22 00:00:00'),(238,7,13,'2023-05-22 00:00:00'),(239,8,13,'2023-05-22 00:00:00'),(240,9,13,'2023-05-22 00:00:00'),(241,10,13,'2023-05-22 00:00:00'),(242,11,13,'2023-05-22 00:00:00'),(243,12,13,'2023-05-22 00:00:00'),(244,13,13,'2023-05-22 00:00:00'),(245,14,13,'2023-05-22 00:00:00'),(246,15,13,'2023-05-22 00:00:00'),(247,1,14,'2023-05-22 00:00:00'),(248,2,14,'2023-05-22 00:00:00'),(249,3,14,'2023-05-22 00:00:00'),(250,4,14,'2023-05-22 00:00:00'),(251,5,14,'2023-05-22 00:00:00'),(252,6,14,'2023-05-22 00:00:00'),(253,7,14,'2023-05-22 00:00:00'),(254,8,14,'2023-05-22 00:00:00'),(255,9,14,'2023-05-22 00:00:00'),(256,10,14,'2023-05-22 00:00:00'),(257,11,14,'2023-05-22 00:00:00'),(258,12,14,'2023-05-22 00:00:00'),(259,13,14,'2023-05-22 00:00:00'),(260,14,14,'2023-05-22 00:00:00'),(261,15,14,'2023-05-22 00:00:00'),(262,1,15,'2023-05-22 00:00:00'),(263,2,15,'2023-05-22 00:00:00'),(264,3,15,'2023-05-22 00:00:00'),(265,4,15,'2023-05-22 00:00:00'),(266,5,15,'2023-05-22 00:00:00'),(267,6,15,'2023-05-22 00:00:00'),(268,7,15,'2023-05-22 00:00:00'),(269,8,15,'2023-05-22 00:00:00'),(270,9,15,'2023-05-22 00:00:00'),(271,10,15,'2023-05-22 00:00:00'),(272,11,15,'2023-05-22 00:00:00'),(273,12,15,'2023-05-22 00:00:00'),(274,13,15,'2023-05-22 00:00:00'),(275,14,15,'2023-05-22 00:00:00'),(276,15,15,'2023-05-22 00:00:00'),(277,1,16,'2023-05-22 00:00:00'),(278,2,16,'2023-05-22 00:00:00'),(279,3,16,'2023-05-22 00:00:00'),(280,4,16,'2023-05-22 00:00:00'),(281,5,16,'2023-05-22 00:00:00'),(282,6,16,'2023-05-22 00:00:00'),(283,7,16,'2023-05-22 00:00:00'),(284,8,16,'2023-05-22 00:00:00'),(285,9,16,'2023-05-22 00:00:00'),(286,10,16,'2023-05-22 00:00:00'),(287,11,16,'2023-05-22 00:00:00'),(288,12,16,'2023-05-22 00:00:00'),(289,13,16,'2023-05-22 00:00:00'),(290,14,16,'2023-05-22 00:00:00'),(291,15,16,'2023-05-22 00:00:00'),(292,1,17,'2023-05-22 00:00:00'),(293,2,17,'2023-05-22 00:00:00'),(294,3,17,'2023-05-22 00:00:00'),(295,4,17,'2023-05-22 00:00:00'),(296,5,17,'2023-05-22 00:00:00'),(297,6,17,'2023-05-22 00:00:00'),(298,7,17,'2023-05-22 00:00:00'),(299,8,17,'2023-05-22 00:00:00'),(300,9,17,'2023-05-22 00:00:00'),(301,10,17,'2023-05-22 00:00:00'),(302,11,17,'2023-05-22 00:00:00'),(303,12,17,'2023-05-22 00:00:00'),(304,13,17,'2023-05-22 00:00:00'),(305,14,17,'2023-05-22 00:00:00'),(306,15,17,'2023-05-22 00:00:00'),(307,1,18,'2023-05-22 00:00:00'),(308,2,18,'2023-05-22 00:00:00'),(309,3,18,'2023-05-22 00:00:00'),(310,4,18,'2023-05-22 00:00:00'),(311,5,18,'2023-05-22 00:00:00'),(312,6,18,'2023-05-22 00:00:00'),(313,7,18,'2023-05-22 00:00:00'),(314,8,18,'2023-05-22 00:00:00'),(315,9,18,'2023-05-22 00:00:00'),(316,10,18,'2023-05-22 00:00:00'),(317,11,18,'2023-05-22 00:00:00'),(318,12,18,'2023-05-22 00:00:00'),(319,13,18,'2023-05-22 00:00:00'),(320,14,18,'2023-05-22 00:00:00'),(321,15,18,'2023-05-22 00:00:00'),(322,1,19,'2023-05-22 00:00:00'),(323,2,19,'2023-05-22 00:00:00'),(324,3,19,'2023-05-22 00:00:00'),(325,4,19,'2023-05-22 00:00:00'),(326,5,19,'2023-05-22 00:00:00'),(327,6,19,'2023-05-22 00:00:00'),(328,7,19,'2023-05-22 00:00:00'),(329,8,19,'2023-05-22 00:00:00'),(330,9,19,'2023-05-22 00:00:00'),(331,10,19,'2023-05-22 00:00:00'),(332,11,19,'2023-05-22 00:00:00'),(333,12,19,'2023-05-22 00:00:00'),(334,13,19,'2023-05-22 00:00:00'),(335,14,19,'2023-05-22 00:00:00'),(336,15,19,'2023-05-22 00:00:00'),(337,1,20,'2023-05-22 00:00:00'),(338,2,20,'2023-05-22 00:00:00'),(339,3,20,'2023-05-22 00:00:00'),(340,4,20,'2023-05-22 00:00:00'),(341,5,20,'2023-05-22 00:00:00'),(342,6,20,'2023-05-22 00:00:00'),(343,7,20,'2023-05-22 00:00:00'),(344,8,20,'2023-05-22 00:00:00'),(345,9,20,'2023-05-22 00:00:00'),(346,10,20,'2023-05-22 00:00:00'),(347,11,20,'2023-05-22 00:00:00'),(348,12,20,'2023-05-22 00:00:00'),(349,13,20,'2023-05-22 00:00:00'),(350,14,20,'2023-05-22 00:00:00'),(351,15,20,'2023-05-22 00:00:00'),(352,1,21,'2023-05-22 00:00:00'),(353,2,21,'2023-05-22 00:00:00'),(354,3,21,'2023-05-22 00:00:00'),(355,4,21,'2023-05-22 00:00:00'),(356,5,21,'2023-05-22 00:00:00'),(357,6,21,'2023-05-22 00:00:00'),(358,7,21,'2023-05-22 00:00:00'),(359,8,21,'2023-05-22 00:00:00'),(360,9,21,'2023-05-22 00:00:00'),(361,10,21,'2023-05-22 00:00:00'),(362,11,21,'2023-05-22 00:00:00'),(363,12,21,'2023-05-22 00:00:00'),(364,13,21,'2023-05-22 00:00:00'),(365,14,21,'2023-05-22 00:00:00'),(366,15,21,'2023-05-22 00:00:00'),(367,1,22,'2023-05-22 00:00:00'),(368,2,22,'2023-05-22 00:00:00'),(369,3,22,'2023-05-22 00:00:00'),(370,4,22,'2023-05-22 00:00:00'),(371,5,22,'2023-05-22 00:00:00'),(372,6,22,'2023-05-22 00:00:00'),(373,7,22,'2023-05-22 00:00:00'),(374,8,22,'2023-05-22 00:00:00'),(375,9,22,'2023-05-22 00:00:00'),(376,10,22,'2023-05-22 00:00:00'),(377,11,22,'2023-05-22 00:00:00'),(378,12,22,'2023-05-22 00:00:00'),(379,13,22,'2023-05-22 00:00:00'),(380,14,22,'2023-05-22 00:00:00'),(381,15,22,'2023-05-22 00:00:00'),(382,1,23,'2023-05-22 00:00:00'),(383,2,23,'2023-05-22 00:00:00'),(384,3,23,'2023-05-22 00:00:00'),(385,4,23,'2023-05-22 00:00:00'),(386,5,23,'2023-05-22 00:00:00'),(387,6,23,'2023-05-22 00:00:00'),(388,7,23,'2023-05-22 00:00:00'),(389,8,23,'2023-05-22 00:00:00'),(390,9,23,'2023-05-22 00:00:00'),(391,10,23,'2023-05-22 00:00:00'),(392,11,23,'2023-05-22 00:00:00'),(393,12,23,'2023-05-22 00:00:00'),(394,13,23,'2023-05-22 00:00:00'),(395,14,23,'2023-05-22 00:00:00'),(396,15,23,'2023-05-22 00:00:00'),(397,1,24,'2023-05-22 00:00:00'),(398,2,24,'2023-05-22 00:00:00'),(399,3,24,'2023-05-22 00:00:00'),(400,4,24,'2023-05-22 00:00:00'),(401,5,24,'2023-05-22 00:00:00'),(402,6,24,'2023-05-22 00:00:00'),(403,7,24,'2023-05-22 00:00:00'),(404,8,24,'2023-05-22 00:00:00'),(405,9,24,'2023-05-22 00:00:00'),(406,10,24,'2023-05-22 00:00:00'),(407,11,24,'2023-05-22 00:00:00'),(408,12,24,'2023-05-22 00:00:00'),(409,13,24,'2023-05-22 00:00:00'),(410,14,24,'2023-05-22 00:00:00'),(411,15,24,'2023-05-22 00:00:00'),(412,1,25,'2023-05-22 00:00:00'),(413,2,25,'2023-05-22 00:00:00'),(414,3,25,'2023-05-22 00:00:00'),(415,4,25,'2023-05-22 00:00:00'),(416,5,25,'2023-05-22 00:00:00'),(417,6,25,'2023-05-22 00:00:00'),(418,7,25,'2023-05-22 00:00:00'),(419,8,25,'2023-05-22 00:00:00'),(420,9,25,'2023-05-22 00:00:00'),(421,10,25,'2023-05-22 00:00:00'),(422,11,25,'2023-05-22 00:00:00'),(423,12,25,'2023-05-22 00:00:00'),(424,13,25,'2023-05-22 00:00:00'),(425,14,25,'2023-05-22 00:00:00'),(426,15,25,'2023-05-22 00:00:00'),(427,1,26,'2023-05-22 00:00:00'),(428,2,26,'2023-05-22 00:00:00'),(429,3,26,'2023-05-22 00:00:00'),(430,4,26,'2023-05-22 00:00:00'),(431,5,26,'2023-05-22 00:00:00'),(432,6,26,'2023-05-22 00:00:00'),(433,7,26,'2023-05-22 00:00:00'),(434,8,26,'2023-05-22 00:00:00'),(435,9,26,'2023-05-22 00:00:00'),(436,10,26,'2023-05-22 00:00:00'),(437,11,26,'2023-05-22 00:00:00'),(438,12,26,'2023-05-22 00:00:00'),(439,13,26,'2023-05-22 00:00:00'),(440,14,26,'2023-05-22 00:00:00'),(441,15,26,'2023-05-22 00:00:00'),(442,1,27,'2023-05-22 00:00:00'),(443,2,27,'2023-05-22 00:00:00'),(444,3,27,'2023-05-22 00:00:00'),(445,4,27,'2023-05-22 00:00:00'),(446,5,27,'2023-05-22 00:00:00'),(447,6,27,'2023-05-22 00:00:00'),(448,7,27,'2023-05-22 00:00:00'),(449,8,27,'2023-05-22 00:00:00'),(450,9,27,'2023-05-22 00:00:00'),(451,10,27,'2023-05-22 00:00:00'),(452,11,27,'2023-05-22 00:00:00'),(453,12,27,'2023-05-22 00:00:00'),(454,13,27,'2023-05-22 00:00:00'),(455,14,27,'2023-05-22 00:00:00'),(456,15,27,'2023-05-22 00:00:00'),(457,1,28,'2023-05-22 00:00:00'),(458,2,28,'2023-05-22 00:00:00'),(459,3,28,'2023-05-22 00:00:00'),(460,4,28,'2023-05-22 00:00:00'),(461,5,28,'2023-05-22 00:00:00'),(462,6,28,'2023-05-22 00:00:00'),(463,7,28,'2023-05-22 00:00:00'),(464,8,28,'2023-05-22 00:00:00'),(465,9,28,'2023-05-22 00:00:00'),(466,10,28,'2023-05-22 00:00:00'),(467,11,28,'2023-05-22 00:00:00'),(468,12,28,'2023-05-22 00:00:00'),(469,13,28,'2023-05-22 00:00:00'),(470,14,28,'2023-05-22 00:00:00'),(471,15,28,'2023-05-22 00:00:00'),(472,1,29,'2023-05-22 00:00:00'),(473,2,29,'2023-05-22 00:00:00'),(474,3,29,'2023-05-22 00:00:00'),(475,4,29,'2023-05-22 00:00:00'),(476,5,29,'2023-05-22 00:00:00'),(477,6,29,'2023-05-22 00:00:00'),(478,7,29,'2023-05-22 00:00:00'),(479,8,29,'2023-05-22 00:00:00'),(480,9,29,'2023-05-22 00:00:00'),(481,10,29,'2023-05-22 00:00:00'),(482,11,29,'2023-05-22 00:00:00'),(483,12,29,'2023-05-22 00:00:00'),(484,13,29,'2023-05-22 00:00:00'),(485,14,29,'2023-05-22 00:00:00'),(486,15,29,'2023-05-22 00:00:00'),(487,1,30,'2023-05-22 00:00:00'),(488,2,30,'2023-05-22 00:00:00'),(489,3,30,'2023-05-22 00:00:00'),(490,4,30,'2023-05-22 00:00:00'),(491,5,30,'2023-05-22 00:00:00'),(492,6,30,'2023-05-22 00:00:00'),(493,7,30,'2023-05-22 00:00:00'),(494,8,30,'2023-05-22 00:00:00'),(495,9,30,'2023-05-22 00:00:00'),(496,10,30,'2023-05-22 00:00:00'),(497,11,30,'2023-05-22 00:00:00'),(498,12,30,'2023-05-22 00:00:00'),(499,13,30,'2023-05-22 00:00:00'),(500,14,30,'2023-05-22 00:00:00'),(501,15,30,'2023-05-22 00:00:00'),(502,1,31,'2023-05-22 00:00:00'),(503,2,31,'2023-05-22 00:00:00'),(504,3,31,'2023-05-22 00:00:00'),(505,4,31,'2023-05-22 00:00:00'),(506,5,31,'2023-05-22 00:00:00'),(507,6,31,'2023-05-22 00:00:00'),(508,7,31,'2023-05-22 00:00:00'),(509,8,31,'2023-05-22 00:00:00'),(510,9,31,'2023-05-22 00:00:00'),(511,10,31,'2023-05-22 00:00:00'),(512,11,31,'2023-05-22 00:00:00'),(513,12,31,'2023-05-22 00:00:00'),(514,13,31,'2023-05-22 00:00:00'),(515,14,31,'2023-05-22 00:00:00'),(516,15,31,'2023-05-22 00:00:00'),(517,1,32,'2023-05-22 00:00:00'),(518,2,32,'2023-05-22 00:00:00'),(519,3,32,'2023-05-22 00:00:00'),(520,4,32,'2023-05-22 00:00:00'),(521,5,32,'2023-05-22 00:00:00'),(522,6,32,'2023-05-22 00:00:00'),(523,7,32,'2023-05-22 00:00:00'),(524,8,32,'2023-05-22 00:00:00'),(525,9,32,'2023-05-22 00:00:00'),(526,10,32,'2023-05-22 00:00:00'),(527,11,32,'2023-05-22 00:00:00'),(528,12,32,'2023-05-22 00:00:00'),(529,13,32,'2023-05-22 00:00:00'),(530,14,32,'2023-05-22 00:00:00'),(531,15,32,'2023-05-22 00:00:00'),(532,1,33,'2023-05-22 00:00:00'),(533,2,33,'2023-05-22 00:00:00'),(534,3,33,'2023-05-22 00:00:00'),(535,4,33,'2023-05-22 00:00:00'),(536,5,33,'2023-05-22 00:00:00'),(537,6,33,'2023-05-22 00:00:00'),(538,7,33,'2023-05-22 00:00:00'),(539,8,33,'2023-05-22 00:00:00'),(540,9,33,'2023-05-22 00:00:00'),(541,10,33,'2023-05-22 00:00:00'),(542,11,33,'2023-05-22 00:00:00'),(543,12,33,'2023-05-22 00:00:00'),(544,13,33,'2023-05-22 00:00:00'),(545,14,33,'2023-05-22 00:00:00'),(546,15,33,'2023-05-22 00:00:00'),(547,1,34,'2023-05-22 00:00:00'),(548,2,34,'2023-05-22 00:00:00'),(549,3,34,'2023-05-22 00:00:00'),(550,4,34,'2023-05-22 00:00:00'),(551,5,34,'2023-05-22 00:00:00'),(552,6,34,'2023-05-22 00:00:00'),(553,7,34,'2023-05-22 00:00:00'),(554,8,34,'2023-05-22 00:00:00'),(555,9,34,'2023-05-22 00:00:00'),(556,10,34,'2023-05-22 00:00:00'),(557,11,34,'2023-05-22 00:00:00'),(558,12,34,'2023-05-22 00:00:00'),(559,13,34,'2023-05-22 00:00:00'),(560,14,34,'2023-05-22 00:00:00'),(561,15,34,'2023-05-22 00:00:00'),(562,1,35,'2023-05-22 00:00:00'),(563,2,35,'2023-05-22 00:00:00'),(564,3,35,'2023-05-22 00:00:00'),(565,4,35,'2023-05-22 00:00:00'),(566,5,35,'2023-05-22 00:00:00'),(567,6,35,'2023-05-22 00:00:00'),(568,7,35,'2023-05-22 00:00:00'),(569,8,35,'2023-05-22 00:00:00'),(570,9,35,'2023-05-22 00:00:00'),(571,10,35,'2023-05-22 00:00:00'),(572,11,35,'2023-05-22 00:00:00'),(573,12,35,'2023-05-22 00:00:00'),(574,13,35,'2023-05-22 00:00:00'),(575,14,35,'2023-05-22 00:00:00'),(576,15,35,'2023-05-22 00:00:00'),(577,1,36,'2023-05-22 00:00:00'),(578,2,36,'2023-05-22 00:00:00'),(579,3,36,'2023-05-22 00:00:00'),(580,4,36,'2023-05-22 00:00:00'),(581,5,36,'2023-05-22 00:00:00'),(582,6,36,'2023-05-22 00:00:00'),(583,7,36,'2023-05-22 00:00:00'),(584,8,36,'2023-05-22 00:00:00'),(585,9,36,'2023-05-22 00:00:00'),(586,10,36,'2023-05-22 00:00:00'),(587,11,36,'2023-05-22 00:00:00'),(588,12,36,'2023-05-22 00:00:00'),(589,13,36,'2023-05-22 00:00:00'),(590,14,36,'2023-05-22 00:00:00'),(591,15,36,'2023-05-22 00:00:00'),(592,1,37,'2023-05-22 00:00:00'),(593,2,37,'2023-05-22 00:00:00'),(594,3,37,'2023-05-22 00:00:00'),(595,4,37,'2023-05-22 00:00:00'),(596,5,37,'2023-05-22 00:00:00'),(597,6,37,'2023-05-22 00:00:00'),(598,7,37,'2023-05-22 00:00:00'),(599,8,37,'2023-05-22 00:00:00'),(600,9,37,'2023-05-22 00:00:00'),(601,10,37,'2023-05-22 00:00:00'),(602,11,37,'2023-05-22 00:00:00'),(603,12,37,'2023-05-22 00:00:00'),(604,13,37,'2023-05-22 00:00:00'),(605,14,37,'2023-05-22 00:00:00'),(606,15,37,'2023-05-22 00:00:00'),(607,1,38,'2023-05-22 00:00:00'),(608,2,38,'2023-05-22 00:00:00'),(609,3,38,'2023-05-22 00:00:00'),(610,4,38,'2023-05-22 00:00:00'),(611,5,38,'2023-05-22 00:00:00'),(612,6,38,'2023-05-22 00:00:00'),(613,7,38,'2023-05-22 00:00:00'),(614,8,38,'2023-05-22 00:00:00'),(615,9,38,'2023-05-22 00:00:00'),(616,10,38,'2023-05-22 00:00:00'),(617,11,38,'2023-05-22 00:00:00'),(618,12,38,'2023-05-22 00:00:00'),(619,13,38,'2023-05-22 00:00:00'),(620,14,38,'2023-05-22 00:00:00'),(621,15,38,'2023-05-22 00:00:00'),(622,1,39,'2023-05-22 00:00:00'),(623,2,39,'2023-05-22 00:00:00'),(624,3,39,'2023-05-22 00:00:00'),(625,4,39,'2023-05-22 00:00:00'),(626,5,39,'2023-05-22 00:00:00'),(627,6,39,'2023-05-22 00:00:00'),(628,7,39,'2023-05-22 00:00:00'),(629,8,39,'2023-05-22 00:00:00'),(630,9,39,'2023-05-22 00:00:00'),(631,10,39,'2023-05-22 00:00:00'),(632,11,39,'2023-05-22 00:00:00'),(633,12,39,'2023-05-22 00:00:00'),(634,13,39,'2023-05-22 00:00:00'),(635,14,39,'2023-05-22 00:00:00'),(636,15,39,'2023-05-22 00:00:00'),(637,1,40,'2023-05-22 00:00:00'),(638,2,40,'2023-05-22 00:00:00'),(639,3,40,'2023-05-22 00:00:00'),(640,4,40,'2023-05-22 00:00:00'),(641,5,40,'2023-05-22 00:00:00'),(642,6,40,'2023-05-22 00:00:00'),(643,7,40,'2023-05-22 00:00:00'),(644,8,40,'2023-05-22 00:00:00'),(645,9,40,'2023-05-22 00:00:00'),(646,10,40,'2023-05-22 00:00:00'),(647,11,40,'2023-05-22 00:00:00'),(648,12,40,'2023-05-22 00:00:00'),(649,13,40,'2023-05-22 00:00:00'),(650,14,40,'2023-05-22 00:00:00'),(651,15,40,'2023-05-22 00:00:00'),(652,1,41,'2023-05-22 00:00:00'),(653,2,41,'2023-05-22 00:00:00'),(654,3,41,'2023-05-22 00:00:00'),(655,4,41,'2023-05-22 00:00:00'),(656,5,41,'2023-05-22 00:00:00'),(657,6,41,'2023-05-22 00:00:00'),(658,7,41,'2023-05-22 00:00:00'),(659,8,41,'2023-05-22 00:00:00'),(660,9,41,'2023-05-22 00:00:00'),(661,10,41,'2023-05-22 00:00:00'),(662,11,41,'2023-05-22 00:00:00'),(663,12,41,'2023-05-22 00:00:00'),(664,13,41,'2023-05-22 00:00:00'),(665,14,41,'2023-05-22 00:00:00'),(666,15,41,'2023-05-22 00:00:00'),(667,1,42,'2023-05-22 00:00:00'),(668,2,42,'2023-05-22 00:00:00'),(669,3,42,'2023-05-22 00:00:00'),(670,4,42,'2023-05-22 00:00:00'),(671,5,42,'2023-05-22 00:00:00'),(672,6,42,'2023-05-22 00:00:00'),(673,7,42,'2023-05-22 00:00:00'),(674,8,42,'2023-05-22 00:00:00'),(675,9,42,'2023-05-22 00:00:00'),(676,10,42,'2023-05-22 00:00:00'),(677,11,42,'2023-05-22 00:00:00'),(678,12,42,'2023-05-22 00:00:00'),(679,13,42,'2023-05-22 00:00:00'),(680,14,42,'2023-05-22 00:00:00'),(681,15,42,'2023-05-22 00:00:00'),(682,1,43,'2023-05-22 00:00:00'),(683,2,43,'2023-05-22 00:00:00'),(684,3,43,'2023-05-22 00:00:00'),(685,4,43,'2023-05-22 00:00:00'),(686,5,43,'2023-05-22 00:00:00'),(687,6,43,'2023-05-22 00:00:00'),(688,7,43,'2023-05-22 00:00:00'),(689,8,43,'2023-05-22 00:00:00'),(690,9,43,'2023-05-22 00:00:00'),(691,10,43,'2023-05-22 00:00:00'),(692,11,43,'2023-05-22 00:00:00'),(693,12,43,'2023-05-22 00:00:00'),(694,13,43,'2023-05-22 00:00:00'),(695,14,43,'2023-05-22 00:00:00'),(696,15,43,'2023-05-22 00:00:00'),(697,1,44,'2023-05-22 00:00:00'),(698,2,44,'2023-05-22 00:00:00'),(699,3,44,'2023-05-22 00:00:00'),(700,4,44,'2023-05-22 00:00:00'),(701,5,44,'2023-05-22 00:00:00'),(702,6,44,'2023-05-22 00:00:00'),(703,7,44,'2023-05-22 00:00:00'),(704,8,44,'2023-05-22 00:00:00'),(705,9,44,'2023-05-22 00:00:00'),(706,10,44,'2023-05-22 00:00:00'),(707,11,44,'2023-05-22 00:00:00'),(708,12,44,'2023-05-22 00:00:00'),(709,13,44,'2023-05-22 00:00:00'),(710,14,44,'2023-05-22 00:00:00'),(711,15,44,'2023-05-22 00:00:00'),(712,1,45,'2023-05-22 00:00:00'),(713,2,45,'2023-05-22 00:00:00'),(714,3,45,'2023-05-22 00:00:00'),(715,4,45,'2023-05-22 00:00:00'),(716,5,45,'2023-05-22 00:00:00'),(717,6,45,'2023-05-22 00:00:00'),(718,7,45,'2023-05-22 00:00:00'),(719,8,45,'2023-05-22 00:00:00'),(720,9,45,'2023-05-22 00:00:00'),(721,10,45,'2023-05-22 00:00:00'),(722,11,45,'2023-05-22 00:00:00'),(723,12,45,'2023-05-22 00:00:00'),(724,13,45,'2023-05-22 00:00:00'),(725,14,45,'2023-05-22 00:00:00'),(726,15,45,'2023-05-22 00:00:00'),(727,1,46,'2023-05-22 00:00:00'),(728,2,46,'2023-05-22 00:00:00'),(729,3,46,'2023-05-22 00:00:00'),(730,4,46,'2023-05-22 00:00:00'),(731,5,46,'2023-05-22 00:00:00'),(732,6,46,'2023-05-22 00:00:00'),(733,7,46,'2023-05-22 00:00:00'),(734,8,46,'2023-05-22 00:00:00'),(735,9,46,'2023-05-22 00:00:00'),(736,10,46,'2023-05-22 00:00:00'),(737,11,46,'2023-05-22 00:00:00'),(738,12,46,'2023-05-22 00:00:00'),(739,13,46,'2023-05-22 00:00:00'),(740,14,46,'2023-05-22 00:00:00'),(741,15,46,'2023-05-22 00:00:00'),(742,1,47,'2023-05-22 00:00:00'),(743,2,47,'2023-05-22 00:00:00'),(744,3,47,'2023-05-22 00:00:00'),(745,4,47,'2023-05-22 00:00:00'),(746,5,47,'2023-05-22 00:00:00'),(747,6,47,'2023-05-22 00:00:00'),(748,7,47,'2023-05-22 00:00:00'),(749,8,47,'2023-05-22 00:00:00'),(750,9,47,'2023-05-22 00:00:00'),(751,10,47,'2023-05-22 00:00:00'),(752,11,47,'2023-05-22 00:00:00'),(753,12,47,'2023-05-22 00:00:00'),(754,13,47,'2023-05-22 00:00:00'),(755,14,47,'2023-05-22 00:00:00'),(756,15,47,'2023-05-22 00:00:00'),(757,1,48,'2023-05-22 00:00:00'),(758,2,48,'2023-05-22 00:00:00'),(759,3,48,'2023-05-22 00:00:00'),(760,4,48,'2023-05-22 00:00:00'),(761,5,48,'2023-05-22 00:00:00'),(762,6,48,'2023-05-22 00:00:00'),(763,7,48,'2023-05-22 00:00:00'),(764,8,48,'2023-05-22 00:00:00'),(765,9,48,'2023-05-22 00:00:00'),(766,10,48,'2023-05-22 00:00:00'),(767,11,48,'2023-05-22 00:00:00'),(768,12,48,'2023-05-22 00:00:00'),(769,13,48,'2023-05-22 00:00:00'),(770,14,48,'2023-05-22 00:00:00'),(771,15,48,'2023-05-22 00:00:00'),(772,1,49,'2023-05-22 00:00:00'),(773,2,49,'2023-05-22 00:00:00'),(774,3,49,'2023-05-22 00:00:00'),(775,4,49,'2023-05-22 00:00:00'),(776,5,49,'2023-05-22 00:00:00'),(777,6,49,'2023-05-22 00:00:00'),(778,7,49,'2023-05-22 00:00:00'),(779,8,49,'2023-05-22 00:00:00'),(780,9,49,'2023-05-22 00:00:00'),(781,10,49,'2023-05-22 00:00:00'),(782,11,49,'2023-05-22 00:00:00'),(783,12,49,'2023-05-22 00:00:00'),(784,13,49,'2023-05-22 00:00:00'),(785,14,49,'2023-05-22 00:00:00'),(786,15,49,'2023-05-22 00:00:00'),(787,1,50,'2023-05-22 00:00:00'),(788,2,50,'2023-05-22 00:00:00'),(789,3,50,'2023-05-22 00:00:00'),(790,4,50,'2023-05-22 00:00:00'),(791,5,50,'2023-05-22 00:00:00'),(792,6,50,'2023-05-22 00:00:00'),(793,7,50,'2023-05-22 00:00:00'),(794,8,50,'2023-05-22 00:00:00'),(795,9,50,'2023-05-22 00:00:00'),(796,10,50,'2023-05-22 00:00:00'),(797,11,50,'2023-05-22 00:00:00'),(798,12,50,'2023-05-22 00:00:00'),(799,13,50,'2023-05-22 00:00:00'),(800,14,50,'2023-05-22 00:00:00'),(801,15,50,'2023-05-22 00:00:00'),(802,1,51,'2023-05-22 00:00:00'),(803,2,51,'2023-05-22 00:00:00'),(804,3,51,'2023-05-22 00:00:00'),(805,4,51,'2023-05-22 00:00:00'),(806,5,51,'2023-05-22 00:00:00'),(807,6,51,'2023-05-22 00:00:00'),(808,7,51,'2023-05-22 00:00:00'),(809,8,51,'2023-05-22 00:00:00'),(810,9,51,'2023-05-22 00:00:00'),(811,10,51,'2023-05-22 00:00:00'),(812,11,51,'2023-05-22 00:00:00'),(813,12,51,'2023-05-22 00:00:00'),(814,13,51,'2023-05-22 00:00:00'),(815,14,51,'2023-05-22 00:00:00'),(816,15,51,'2023-05-22 00:00:00'),(817,1,52,'2023-05-22 00:00:00'),(818,2,52,'2023-05-22 00:00:00'),(819,3,52,'2023-05-22 00:00:00'),(820,4,52,'2023-05-22 00:00:00'),(821,5,52,'2023-05-22 00:00:00'),(822,6,52,'2023-05-22 00:00:00'),(823,7,52,'2023-05-22 00:00:00'),(824,8,52,'2023-05-22 00:00:00'),(825,9,52,'2023-05-22 00:00:00'),(826,10,52,'2023-05-22 00:00:00'),(827,11,52,'2023-05-22 00:00:00'),(828,12,52,'2023-05-22 00:00:00'),(829,13,52,'2023-05-22 00:00:00'),(830,14,52,'2023-05-22 00:00:00'),(831,15,52,'2023-05-22 00:00:00'),(832,1,53,'2023-05-22 00:00:00'),(833,2,53,'2023-05-22 00:00:00'),(834,3,53,'2023-05-22 00:00:00'),(835,4,53,'2023-05-22 00:00:00'),(836,5,53,'2023-05-22 00:00:00'),(837,6,53,'2023-05-22 00:00:00'),(838,7,53,'2023-05-22 00:00:00'),(839,8,53,'2023-05-22 00:00:00'),(840,9,53,'2023-05-22 00:00:00'),(841,10,53,'2023-05-22 00:00:00'),(842,11,53,'2023-05-22 00:00:00'),(843,12,53,'2023-05-22 00:00:00'),(844,13,53,'2023-05-22 00:00:00'),(845,14,53,'2023-05-22 00:00:00'),(846,15,53,'2023-05-22 00:00:00'),(847,1,54,'2023-05-22 00:00:00'),(848,2,54,'2023-05-22 00:00:00'),(849,3,54,'2023-05-22 00:00:00'),(850,4,54,'2023-05-22 00:00:00'),(851,5,54,'2023-05-22 00:00:00'),(852,6,54,'2023-05-22 00:00:00'),(853,7,54,'2023-05-22 00:00:00'),(854,8,54,'2023-05-22 00:00:00'),(855,9,54,'2023-05-22 00:00:00'),(856,10,54,'2023-05-22 00:00:00'),(857,11,54,'2023-05-22 00:00:00'),(858,12,54,'2023-05-22 00:00:00'),(859,13,54,'2023-05-22 00:00:00'),(860,14,54,'2023-05-22 00:00:00'),(861,15,54,'2023-05-22 00:00:00'),(862,1,55,'2023-05-22 00:00:00'),(863,2,55,'2023-05-22 00:00:00'),(864,3,55,'2023-05-22 00:00:00'),(865,4,55,'2023-05-22 00:00:00'),(866,5,55,'2023-05-22 00:00:00'),(867,6,55,'2023-05-22 00:00:00'),(868,7,55,'2023-05-22 00:00:00'),(869,8,55,'2023-05-22 00:00:00'),(870,9,55,'2023-05-22 00:00:00'),(871,10,55,'2023-05-22 00:00:00'),(872,11,55,'2023-05-22 00:00:00'),(873,12,55,'2023-05-22 00:00:00'),(874,13,55,'2023-05-22 00:00:00'),(875,14,55,'2023-05-22 00:00:00'),(876,15,55,'2023-05-22 00:00:00'),(877,1,56,'2023-05-22 00:00:00'),(878,2,56,'2023-05-22 00:00:00'),(879,3,56,'2023-05-22 00:00:00'),(880,4,56,'2023-05-22 00:00:00'),(881,5,56,'2023-05-22 00:00:00'),(882,6,56,'2023-05-22 00:00:00'),(883,7,56,'2023-05-22 00:00:00'),(884,8,56,'2023-05-22 00:00:00'),(885,9,56,'2023-05-22 00:00:00'),(886,10,56,'2023-05-22 00:00:00'),(887,11,56,'2023-05-22 00:00:00'),(888,12,56,'2023-05-22 00:00:00'),(889,13,56,'2023-05-22 00:00:00'),(890,14,56,'2023-05-22 00:00:00'),(891,15,56,'2023-05-22 00:00:00'),(892,1,57,'2023-05-22 00:00:00'),(893,2,57,'2023-05-22 00:00:00'),(894,3,57,'2023-05-22 00:00:00'),(895,4,57,'2023-05-22 00:00:00'),(896,5,57,'2023-05-22 00:00:00'),(897,6,57,'2023-05-22 00:00:00'),(898,7,57,'2023-05-22 00:00:00'),(899,8,57,'2023-05-22 00:00:00'),(900,9,57,'2023-05-22 00:00:00'),(901,10,57,'2023-05-22 00:00:00'),(902,11,57,'2023-05-22 00:00:00'),(903,12,57,'2023-05-22 00:00:00'),(904,13,57,'2023-05-22 00:00:00'),(905,14,57,'2023-05-22 00:00:00'),(906,15,57,'2023-05-22 00:00:00'),(907,1,58,'2023-05-22 00:00:00'),(908,2,58,'2023-05-22 00:00:00'),(909,3,58,'2023-05-22 00:00:00'),(910,4,58,'2023-05-22 00:00:00'),(911,5,58,'2023-05-22 00:00:00'),(912,6,58,'2023-05-22 00:00:00'),(913,7,58,'2023-05-22 00:00:00'),(914,8,58,'2023-05-22 00:00:00'),(915,9,58,'2023-05-22 00:00:00'),(916,10,58,'2023-05-22 00:00:00'),(917,11,58,'2023-05-22 00:00:00'),(918,12,58,'2023-05-22 00:00:00'),(919,13,58,'2023-05-22 00:00:00'),(920,14,58,'2023-05-22 00:00:00'),(921,15,58,'2023-05-22 00:00:00'),(922,1,59,'2023-05-22 00:00:00'),(923,2,59,'2023-05-22 00:00:00'),(924,3,59,'2023-05-22 00:00:00'),(925,4,59,'2023-05-22 00:00:00'),(926,5,59,'2023-05-22 00:00:00'),(927,6,59,'2023-05-22 00:00:00'),(928,7,59,'2023-05-22 00:00:00'),(929,8,59,'2023-05-22 00:00:00'),(930,9,59,'2023-05-22 00:00:00'),(931,10,59,'2023-05-22 00:00:00'),(932,11,59,'2023-05-22 00:00:00'),(933,12,59,'2023-05-22 00:00:00'),(934,13,59,'2023-05-22 00:00:00'),(935,14,59,'2023-05-22 00:00:00'),(936,15,59,'2023-05-22 00:00:00'),(937,1,60,'2023-05-22 00:00:00'),(938,2,60,'2023-05-22 00:00:00'),(939,3,60,'2023-05-22 00:00:00'),(940,4,60,'2023-05-22 00:00:00'),(941,5,60,'2023-05-22 00:00:00'),(942,6,60,'2023-05-22 00:00:00'),(943,7,60,'2023-05-22 00:00:00'),(944,8,60,'2023-05-22 00:00:00'),(945,9,60,'2023-05-22 00:00:00'),(946,10,60,'2023-05-22 00:00:00'),(947,11,60,'2023-05-22 00:00:00'),(948,12,60,'2023-05-22 00:00:00'),(949,13,60,'2023-05-22 00:00:00'),(950,14,60,'2023-05-22 00:00:00'),(951,15,60,'2023-05-22 00:00:00'),(952,1,61,'2023-05-22 00:00:00'),(953,2,61,'2023-05-22 00:00:00'),(954,3,61,'2023-05-22 00:00:00'),(955,4,61,'2023-05-22 00:00:00'),(956,5,61,'2023-05-22 00:00:00'),(957,6,61,'2023-05-22 00:00:00'),(958,7,61,'2023-05-22 00:00:00'),(959,8,61,'2023-05-22 00:00:00'),(960,9,61,'2023-05-22 00:00:00'),(961,10,61,'2023-05-22 00:00:00'),(962,11,61,'2023-05-22 00:00:00'),(963,12,61,'2023-05-22 00:00:00'),(964,13,61,'2023-05-22 00:00:00'),(965,14,61,'2023-05-22 00:00:00'),(966,15,61,'2023-05-22 00:00:00'),(970,4,62,'2023-05-22 00:00:00'),(971,5,62,'2023-05-22 00:00:00'),(972,6,62,'2023-05-22 00:00:00'),(973,7,62,'2023-05-22 00:00:00'),(974,8,62,'2023-05-22 00:00:00'),(975,9,62,'2023-05-22 00:00:00'),(976,10,62,'2023-05-22 00:00:00'),(977,11,62,'2023-05-22 00:00:00'),(978,12,62,'2023-05-22 00:00:00'),(979,13,62,'2023-05-22 00:00:00'),(980,14,62,'2023-05-22 00:00:00'),(981,15,62,'2023-05-22 00:00:00'),(982,1,63,'2023-05-22 00:00:00'),(983,2,63,'2023-05-22 00:00:00'),(984,3,63,'2023-05-22 00:00:00'),(985,4,63,'2023-05-22 00:00:00'),(986,5,63,'2023-05-22 00:00:00'),(987,6,63,'2023-05-22 00:00:00'),(988,7,63,'2023-05-22 00:00:00'),(989,8,63,'2023-05-22 00:00:00'),(990,9,63,'2023-05-22 00:00:00'),(991,10,63,'2023-05-22 00:00:00'),(992,11,63,'2023-05-22 00:00:00'),(993,12,63,'2023-05-22 00:00:00'),(994,13,63,'2023-05-22 00:00:00'),(995,14,63,'2023-05-22 00:00:00'),(996,15,63,'2023-05-22 00:00:00'),(997,1,64,'2023-05-22 00:00:00'),(998,2,64,'2023-05-22 00:00:00'),(999,3,64,'2023-05-22 00:00:00'),(1000,4,64,'2023-05-22 00:00:00'),(1001,5,64,'2023-05-22 00:00:00'),(1002,6,64,'2023-05-22 00:00:00'),(1003,7,64,'2023-05-22 00:00:00'),(1004,8,64,'2023-05-22 00:00:00'),(1005,9,64,'2023-05-22 00:00:00'),(1006,10,64,'2023-05-22 00:00:00'),(1007,11,64,'2023-05-22 00:00:00'),(1008,12,64,'2023-05-22 00:00:00'),(1009,13,64,'2023-05-22 00:00:00'),(1010,14,64,'2023-05-22 00:00:00'),(1011,15,64,'2023-05-22 00:00:00'),(1012,1,65,'2023-05-22 00:00:00'),(1013,2,65,'2023-05-22 00:00:00'),(1014,3,65,'2023-05-22 00:00:00'),(1015,4,65,'2023-05-22 00:00:00'),(1016,5,65,'2023-05-22 00:00:00'),(1017,6,65,'2023-05-22 00:00:00'),(1018,7,65,'2023-05-22 00:00:00'),(1019,8,65,'2023-05-22 00:00:00'),(1020,9,65,'2023-05-22 00:00:00'),(1021,10,65,'2023-05-22 00:00:00'),(1022,11,65,'2023-05-22 00:00:00'),(1023,12,65,'2023-05-22 00:00:00'),(1024,13,65,'2023-05-22 00:00:00'),(1025,14,65,'2023-05-22 00:00:00'),(1026,15,65,'2023-05-22 00:00:00'),(1027,1,66,'2023-05-22 00:00:00'),(1028,2,66,'2023-05-22 00:00:00'),(1029,3,66,'2023-05-22 00:00:00'),(1030,4,66,'2023-05-22 00:00:00'),(1031,5,66,'2023-05-22 00:00:00'),(1032,6,66,'2023-05-22 00:00:00'),(1033,7,66,'2023-05-22 00:00:00'),(1034,8,66,'2023-05-22 00:00:00'),(1035,9,66,'2023-05-22 00:00:00'),(1036,10,66,'2023-05-22 00:00:00'),(1037,11,66,'2023-05-22 00:00:00'),(1038,12,66,'2023-05-22 00:00:00'),(1039,13,66,'2023-05-22 00:00:00'),(1040,14,66,'2023-05-22 00:00:00'),(1041,15,66,'2023-05-22 00:00:00'),(1042,1,67,'2023-05-22 00:00:00'),(1043,2,67,'2023-05-22 00:00:00'),(1044,3,67,'2023-05-22 00:00:00'),(1045,4,67,'2023-05-22 00:00:00'),(1046,5,67,'2023-05-22 00:00:00'),(1047,6,67,'2023-05-22 00:00:00'),(1048,7,67,'2023-05-22 00:00:00'),(1049,8,67,'2023-05-22 00:00:00'),(1050,9,67,'2023-05-22 00:00:00'),(1051,10,67,'2023-05-22 00:00:00'),(1052,11,67,'2023-05-22 00:00:00'),(1053,12,67,'2023-05-22 00:00:00'),(1054,13,67,'2023-05-22 00:00:00'),(1055,14,67,'2023-05-22 00:00:00'),(1056,15,67,'2023-05-22 00:00:00'),(1057,1,68,'2023-05-22 00:00:00'),(1058,2,68,'2023-05-22 00:00:00'),(1059,3,68,'2023-05-22 00:00:00'),(1060,4,68,'2023-05-22 00:00:00'),(1061,5,68,'2023-05-22 00:00:00'),(1062,6,68,'2023-05-22 00:00:00'),(1063,7,68,'2023-05-22 00:00:00'),(1064,8,68,'2023-05-22 00:00:00'),(1065,9,68,'2023-05-22 00:00:00'),(1066,10,68,'2023-05-22 00:00:00'),(1067,11,68,'2023-05-22 00:00:00'),(1068,12,68,'2023-05-22 00:00:00'),(1069,13,68,'2023-05-22 00:00:00'),(1070,14,68,'2023-05-22 00:00:00'),(1071,15,68,'2023-05-22 00:00:00'),(1072,1,69,'2023-05-22 00:00:00'),(1073,2,69,'2023-05-22 00:00:00'),(1074,3,69,'2023-05-22 00:00:00'),(1075,4,69,'2023-05-22 00:00:00'),(1076,5,69,'2023-05-22 00:00:00'),(1077,6,69,'2023-05-22 00:00:00'),(1078,7,69,'2023-05-22 00:00:00'),(1079,8,69,'2023-05-22 00:00:00'),(1080,9,69,'2023-05-22 00:00:00'),(1081,10,69,'2023-05-22 00:00:00'),(1082,11,69,'2023-05-22 00:00:00'),(1083,12,69,'2023-05-22 00:00:00'),(1084,13,69,'2023-05-22 00:00:00'),(1085,14,69,'2023-05-22 00:00:00'),(1086,15,69,'2023-05-22 00:00:00'),(1087,1,70,'2023-05-22 00:00:00'),(1088,2,70,'2023-05-22 00:00:00'),(1089,3,70,'2023-05-22 00:00:00'),(1090,4,70,'2023-05-22 00:00:00'),(1091,5,70,'2023-05-22 00:00:00'),(1092,6,70,'2023-05-22 00:00:00'),(1093,7,70,'2023-05-22 00:00:00'),(1094,8,70,'2023-05-22 00:00:00'),(1095,9,70,'2023-05-22 00:00:00'),(1096,10,70,'2023-05-22 00:00:00'),(1097,11,70,'2023-05-22 00:00:00'),(1098,12,70,'2023-05-22 00:00:00'),(1099,13,70,'2023-05-22 00:00:00'),(1100,14,70,'2023-05-22 00:00:00'),(1101,15,70,'2023-05-22 00:00:00'),(1102,1,71,'2023-05-22 00:00:00'),(1103,2,71,'2023-05-22 00:00:00'),(1104,3,71,'2023-05-22 00:00:00'),(1105,4,71,'2023-05-22 00:00:00'),(1106,5,71,'2023-05-22 00:00:00'),(1107,6,71,'2023-05-22 00:00:00'),(1108,7,71,'2023-05-22 00:00:00'),(1109,8,71,'2023-05-22 00:00:00'),(1110,9,71,'2023-05-22 00:00:00'),(1111,10,71,'2023-05-22 00:00:00'),(1112,11,71,'2023-05-22 00:00:00'),(1113,12,71,'2023-05-22 00:00:00'),(1114,13,71,'2023-05-22 00:00:00'),(1115,14,71,'2023-05-22 00:00:00'),(1116,15,71,'2023-05-22 00:00:00'),(1117,1,72,'2023-05-22 00:00:00'),(1118,2,72,'2023-05-22 00:00:00'),(1119,3,72,'2023-05-22 00:00:00'),(1120,4,72,'2023-05-22 00:00:00'),(1121,5,72,'2023-05-22 00:00:00'),(1122,6,72,'2023-05-22 00:00:00'),(1123,7,72,'2023-05-22 00:00:00'),(1124,8,72,'2023-05-22 00:00:00'),(1125,9,72,'2023-05-22 00:00:00'),(1126,10,72,'2023-05-22 00:00:00'),(1127,11,72,'2023-05-22 00:00:00'),(1128,12,72,'2023-05-22 00:00:00'),(1129,13,72,'2023-05-22 00:00:00'),(1130,14,72,'2023-05-22 00:00:00'),(1131,15,72,'2023-05-22 00:00:00'),(1132,1,73,'2023-05-22 00:00:00'),(1133,2,73,'2023-05-22 00:00:00'),(1134,3,73,'2023-05-22 00:00:00'),(1135,4,73,'2023-05-22 00:00:00'),(1136,5,73,'2023-05-22 00:00:00'),(1137,6,73,'2023-05-22 00:00:00'),(1138,7,73,'2023-05-22 00:00:00'),(1139,8,73,'2023-05-22 00:00:00'),(1140,9,73,'2023-05-22 00:00:00'),(1141,10,73,'2023-05-22 00:00:00'),(1142,11,73,'2023-05-22 00:00:00'),(1143,12,73,'2023-05-22 00:00:00'),(1144,13,73,'2023-05-22 00:00:00'),(1145,14,73,'2023-05-22 00:00:00'),(1146,15,73,'2023-05-22 00:00:00'),(1147,1,74,'2023-05-22 00:00:00'),(1148,2,74,'2023-05-22 00:00:00'),(1149,3,74,'2023-05-22 00:00:00'),(1150,4,74,'2023-05-22 00:00:00'),(1151,5,74,'2023-05-22 00:00:00'),(1152,6,74,'2023-05-22 00:00:00'),(1153,7,74,'2023-05-22 00:00:00'),(1154,8,74,'2023-05-22 00:00:00'),(1155,9,74,'2023-05-22 00:00:00'),(1156,10,74,'2023-05-22 00:00:00'),(1157,11,74,'2023-05-22 00:00:00'),(1158,12,74,'2023-05-22 00:00:00'),(1159,13,74,'2023-05-22 00:00:00'),(1160,14,74,'2023-05-22 00:00:00'),(1161,15,74,'2023-05-22 00:00:00'),(1162,1,75,'2023-05-22 00:00:00'),(1163,2,75,'2023-05-22 00:00:00'),(1164,3,75,'2023-05-22 00:00:00'),(1165,4,75,'2023-05-22 00:00:00'),(1166,5,75,'2023-05-22 00:00:00'),(1167,6,75,'2023-05-22 00:00:00'),(1168,7,75,'2023-05-22 00:00:00'),(1169,8,75,'2023-05-22 00:00:00'),(1170,9,75,'2023-05-22 00:00:00'),(1171,10,75,'2023-05-22 00:00:00'),(1172,11,75,'2023-05-22 00:00:00'),(1173,12,75,'2023-05-22 00:00:00'),(1174,13,75,'2023-05-22 00:00:00'),(1175,14,75,'2023-05-22 00:00:00'),(1176,15,75,'2023-05-22 00:00:00'),(2052,1,8,'2023-08-08 00:20:02'),(2053,17,8,'2023-08-08 00:20:07'),(2054,1,80,'2023-08-08 00:20:55'),(2055,6,80,'2023-08-08 00:20:59');
/*!40000 ALTER TABLE `Registration` ENABLE KEYS */;
UNLOCK TABLES;

--
-- Table structure for table `Rooms`
--

DROP TABLE IF EXISTS `Rooms`;
/*!40101 SET @saved_cs_client     = @@character_set_client */;
/*!50503 SET character_set_client = utf8mb4 */;
CREATE TABLE `Rooms` (
  `ID` int NOT NULL AUTO_INCREMENT,
  `Number` varchar(20) DEFAULT NULL,
  `Building` varchar(100) DEFAULT NULL,
  PRIMARY KEY (`ID`)
) ENGINE=InnoDB AUTO_INCREMENT=38 DEFAULT CHARSET=utf8mb4 COLLATE=utf8mb4_0900_ai_ci;
/*!40101 SET character_set_client = @saved_cs_client */;

--
-- Dumping data for table `Rooms`
--

LOCK TABLES `Rooms` WRITE;
/*!40000 ALTER TABLE `Rooms` DISABLE KEYS */;
INSERT INTO `Rooms` VALUES (1,'Room 101','Main Building'),(2,'Room 202','Annex Building'),(3,'Room 303','Fitness Center'),(4,'Studio A','Dance Studio'),(5,'Studio B','Dance Studio'),(6,'Weight Room','Fitness Center'),(7,'Cardio Area','Fitness Center'),(8,'CrossFit Box','Fitness Center'),(9,'Yoga Studio','Wellness Center'),(10,'Aerobics Room','Wellness Center'),(11,'Cycling Studio','Wellness Center'),(12,'Indoor Pool','Aquatics Center'),(13,'Outdoor Pool','Aquatics Center'),(14,'Martial Arts Dojo','Martial Arts Center'),(15,'Boxing Ring','Martial Arts Center');
/*!40000 ALTER TABLE `Rooms` ENABLE KEYS */;
UNLOCK TABLES;

--
-- Table structure for table `Salary`
--

DROP TABLE IF EXISTS `Salary`;
/*!40101 SET @saved_cs_client     = @@character_set_client */;
/*!50503 SET character_set_client = utf8mb4 */;
CREATE TABLE `Salary` (
  `ID` int NOT NULL AUTO_INCREMENT,
  `InstructorID` int DEFAULT NULL,
  `Salary` decimal(10,2) DEFAULT NULL,
  PRIMARY KEY (`ID`)
) ENGINE=InnoDB AUTO_INCREMENT=30 DEFAULT CHARSET=utf8mb4 COLLATE=utf8mb4_0900_ai_ci;
/*!40101 SET character_set_client = @saved_cs_client */;

--
-- Dumping data for table `Salary`
--

LOCK TABLES `Salary` WRITE;
/*!40000 ALTER TABLE `Salary` DISABLE KEYS */;
INSERT INTO `Salary` VALUES (1,1,45000.00),(2,2,48000.00),(3,3,50000.00),(4,4,47000.00),(5,5,49000.00),(6,6,55000.00),(7,9,52000.00),(8,10,48000.00),(9,13,58000.00),(10,15,55000.00),(11,16,60000.00),(12,18,52000.00),(13,20,47000.00),(14,23,51000.00),(15,24,52000.00),(16,25,50000.00);
/*!40000 ALTER TABLE `Salary` ENABLE KEYS */;
UNLOCK TABLES;

--
-- Table structure for table `Schedule`
--

DROP TABLE IF EXISTS `Schedule`;
/*!40101 SET @saved_cs_client     = @@character_set_client */;
/*!50503 SET character_set_client = utf8mb4 */;
CREATE TABLE `Schedule` (
  `ID` int NOT NULL AUTO_INCREMENT,
  `ClassID` int DEFAULT NULL,
  `InstructorID` int DEFAULT NULL,
  `RoomID` int DEFAULT NULL,
  `StartTime` datetime DEFAULT NULL,
  `Duration` int DEFAULT NULL,
  PRIMARY KEY (`ID`)
) ENGINE=InnoDB AUTO_INCREMENT=81 DEFAULT CHARSET=utf8mb4 COLLATE=utf8mb4_0900_ai_ci;
/*!40101 SET character_set_client = @saved_cs_client */;

--
-- Dumping data for table `Schedule`
--

LOCK TABLES `Schedule` WRITE;
/*!40000 ALTER TABLE `Schedule` DISABLE KEYS */;
INSERT INTO `Schedule` VALUES (1,1,1,3,'2023-08-02 08:00:00',60),(2,2,2,1,'2023-08-02 09:30:00',60),(3,3,3,3,'2023-08-02 11:00:00',90),(4,4,4,5,'2023-08-02 12:30:00',75),(5,5,5,5,'2023-08-02 14:00:00',60),(6,6,6,5,'2023-08-02 15:30:00',90),(7,7,7,3,'2023-08-02 17:00:00',75),(8,8,8,8,'2023-08-02 18:30:00',60),(9,9,9,6,'2023-08-02 20:00:00',60),(10,10,10,1,'2023-08-03 08:30:00',90),(11,11,11,2,'2023-08-03 10:00:00',75),(12,12,12,4,'2023-08-03 11:30:00',60),(13,13,13,4,'2023-08-03 13:00:00',90),(14,14,14,7,'2023-08-03 14:30:00',60),(15,15,15,7,'2023-08-03 16:00:00',75),(16,16,16,6,'2023-08-03 17:30:00',90),(17,17,17,6,'2023-08-03 19:00:00',60),(18,18,18,8,'2023-08-04 08:00:00',60),(19,19,19,8,'2023-08-04 09:30:00',75),(20,20,20,6,'2023-08-04 11:00:00',90),(21,21,21,6,'2023-08-04 12:30:00',60),(22,22,22,6,'2023-08-04 14:00:00',75),(23,23,23,6,'2023-08-04 15:30:00',90),(24,24,24,7,'2023-08-04 17:00:00',60),(25,25,25,7,'2023-08-04 18:30:00',75),(26,26,26,7,'2023-08-04 20:00:00',60),(27,27,27,9,'2023-08-05 08:30:00',60),(28,28,28,9,'2023-08-05 10:00:00',90),(29,29,29,10,'2023-08-05 11:30:00',75),(30,30,30,10,'2023-08-05 13:00:00',60),(31,31,31,10,'2023-08-05 14:30:00',90),(32,32,32,8,'2023-08-05 16:00:00',60),(33,33,33,8,'2023-08-05 17:30:00',75),(34,34,34,9,'2023-08-05 19:00:00',90),(35,35,1,9,'2023-08-06 08:00:00',60),(36,36,7,11,'2023-08-06 09:30:00',75),(37,37,19,12,'2023-08-06 11:00:00',90),(38,38,21,12,'2023-08-06 12:30:00',60),(39,39,2,13,'2023-08-06 14:00:00',75),(40,40,34,13,'2023-08-06 15:30:00',90),(41,41,8,14,'2023-08-06 17:00:00',60),(42,42,12,14,'2023-08-06 18:30:00',75),(43,43,13,11,'2023-08-06 20:00:00',60),(44,44,4,5,'2023-08-07 08:00:00',90),(45,45,33,8,'2023-08-07 09:30:00',75),(46,46,2,12,'2023-08-07 11:00:00',90),(47,1,1,3,'2023-08-02 09:00:00',60),(48,2,2,1,'2023-08-02 10:30:00',60),(49,5,5,5,'2023-08-02 15:00:00',60),(50,7,7,3,'2023-08-02 18:00:00',75),(51,8,8,8,'2023-08-02 19:30:00',60),(52,9,9,6,'2023-08-02 21:00:00',60),(53,11,11,2,'2023-08-03 11:00:00',75),(54,12,12,4,'2023-08-03 12:30:00',60),(55,13,13,4,'2023-08-03 14:00:00',90),(56,17,17,6,'2023-08-03 20:00:00',60),(57,18,18,8,'2023-08-04 09:00:00',60),(58,19,19,8,'2023-08-04 10:30:00',75),(59,20,20,6,'2023-08-04 12:00:00',90),(60,22,22,6,'2023-08-04 15:00:00',75),(61,23,23,6,'2023-08-04 16:30:00',90),(62,25,25,7,'2023-08-04 19:30:00',75),(63,29,29,10,'2023-08-05 12:30:00',75),(64,30,30,10,'2023-08-05 14:00:00',60),(65,31,31,10,'2023-08-05 15:30:00',90),(66,33,33,8,'2023-08-05 18:30:00',75),(67,34,34,9,'2023-08-05 20:00:00',90),(68,35,1,9,'2023-08-06 09:00:00',60),(69,37,19,12,'2023-08-06 12:00:00',90),(70,38,21,12,'2023-08-06 13:30:00',60),(71,40,34,13,'2023-08-06 16:30:00',90),(72,41,8,14,'2023-08-06 18:00:00',60),(73,42,12,14,'2023-08-06 19:30:00',75),(74,43,13,11,'2023-08-06 21:00:00',60),(75,46,2,12,'2023-08-07 12:00:00',90),(78,1,1,1,'2023-08-08 00:01:00',69),(79,8,1,1,'2023-08-08 00:07:00',54),(80,42,1,14,'2023-08-09 00:20:00',5000);
/*!40000 ALTER TABLE `Schedule` ENABLE KEYS */;
UNLOCK TABLES;

--
-- Table structure for table `Users`
--

DROP TABLE IF EXISTS `Users`;
/*!40101 SET @saved_cs_client     = @@character_set_client */;
/*!50503 SET character_set_client = utf8mb4 */;
CREATE TABLE `Users` (
  `ID` int NOT NULL AUTO_INCREMENT,
  `Firstname` varchar(45) NOT NULL,
  `Lastname` varchar(45) NOT NULL,
  `Phone` varchar(45) NOT NULL,
  `Username` varchar(50) NOT NULL,
  `Email` varchar(100) NOT NULL,
  `Password` varchar(100) NOT NULL,
  `Created` timestamp NULL DEFAULT CURRENT_TIMESTAMP,
  PRIMARY KEY (`ID`)
) ENGINE=InnoDB AUTO_INCREMENT=3 DEFAULT CHARSET=utf8mb4 COLLATE=utf8mb4_0900_ai_ci;
/*!40101 SET character_set_client = @saved_cs_client */;

--
-- Dumping data for table `Users`
--

LOCK TABLES `Users` WRITE;
/*!40000 ALTER TABLE `Users` DISABLE KEYS */;
INSERT INTO `Users` VALUES (2,'Nabil','Belfki','9086663793','nabilbelfki','nabilbelfki@gmail.com','$2b$10$ExCIWIuYtgdLIw.bwA9PbuBPMo4I/wFh07LVXaCg7sCSG91xWq0Ci','2023-08-03 23:43:55');
/*!40000 ALTER TABLE `Users` ENABLE KEYS */;
UNLOCK TABLES;
/*!40103 SET TIME_ZONE=@OLD_TIME_ZONE */;

/*!40101 SET SQL_MODE=@OLD_SQL_MODE */;
/*!40014 SET FOREIGN_KEY_CHECKS=@OLD_FOREIGN_KEY_CHECKS */;
/*!40014 SET UNIQUE_CHECKS=@OLD_UNIQUE_CHECKS */;
/*!40101 SET CHARACTER_SET_CLIENT=@OLD_CHARACTER_SET_CLIENT */;
/*!40101 SET CHARACTER_SET_RESULTS=@OLD_CHARACTER_SET_RESULTS */;
/*!40101 SET COLLATION_CONNECTION=@OLD_COLLATION_CONNECTION */;
/*!40111 SET SQL_NOTES=@OLD_SQL_NOTES */;

-- Dump completed on 2023-08-08  0:44:29
